Date,Dish,Category,Orders,Price,Revenue,Cost,Profit,Day_of_Week,Rating
2024-01-01,Butter Chicken,Main Course,13,320,4160,1417,2743,Monday,4.3
2024-01-01,Paneer Tikka,Main Course,59,280,16520,5723,10797,Monday,4.9
2024-01-01,Biryani,Main Course,16,350,5600,1904,3696,Monday,4.1
2024-01-01,Dal Makhani,Main Course,30,220,6600,2850,3750,Monday,4.8
2024-01-01,Tandoori Roti,Bread/Dessert/Beverage,119,40,4760,1547,3213,Monday,4.7
2024-01-01,Naan,Bread/Dessert/Beverage,83,50,4150,1494,2656,Monday,4.2
2024-01-01,Gulab Jamun,Bread/Dessert/Beverage,109,80,8720,2834,5886,Monday,3.6
2024-01-01,Lassi,Bread/Dessert/Beverage,37,90,3330,1369,1961,Monday,4.2
2024-01-01,Samosa,Bread/Dessert/Beverage,119,60,7140,2618,4522,Monday,4.6
2024-01-01,Chole Bhature,Main Course,38,160,6080,2508,3572,Monday,3.7
2024-01-02,Butter Chicken,Main Course,92,320,29440,11500,17940,Tuesday,3.7
2024-01-02,Paneer Tikka,Main Course,38,280,10640,4408,6232,Tuesday,4.5
2024-01-02,Biryani,Main Course,96,350,33600,14880,18720,Tuesday,3.6
2024-01-02,Dal Makhani,Main Course,36,220,7920,2448,5472,Tuesday,3.9
2024-01-02,Tandoori Roti,Bread/Dessert/Beverage,44,40,1760,616,1144,Tuesday,3.9
2024-01-02,Naan,Bread/Dessert/Beverage,93,50,4650,2046,2604,Tuesday,3.9
2024-01-02,Gulab Jamun,Bread/Dessert/Beverage,62,80,4960,1674,3286,Tuesday,4.6
2024-01-02,Lassi,Bread/Dessert/Beverage,75,90,6750,2475,4275,Tuesday,4.7
2024-01-02,Samosa,Bread/Dessert/Beverage,12,60,720,228,492,Tuesday,4.2
2024-01-02,Chole Bhature,Main Course,120,160,19200,5880,13320,Tuesday,3.6
2024-01-03,Butter Chicken,Main Course,109,320,34880,15260,19620,Wednesday,3.7
2024-01-03,Paneer Tikka,Main Course,108,280,30240,11448,18792,Wednesday,4.1
2024-01-03,Biryani,Main Course,97,350,33950,11931,22019,Wednesday,4.8
2024-01-03,Dal Makhani,Main Course,11,220,2420,737,1683,Wednesday,4.5
2024-01-03,Tandoori Roti,Bread/Dessert/Beverage,70,40,2800,1260,1540,Wednesday,4.3
2024-01-03,Naan,Bread/Dessert/Beverage,26,50,1300,572,728,Wednesday,3.6
2024-01-03,Gulab Jamun,Bread/Dessert/Beverage,92,80,7360,2668,4692,Wednesday,3.9
2024-01-03,Lassi,Bread/Dessert/Beverage,32,90,2880,1184,1696,Wednesday,5.0
2024-01-03,Samosa,Bread/Dessert/Beverage,86,60,5160,1720,3440,Wednesday,4.5
2024-01-03,Chole Bhature,Main Course,112,160,17920,5936,11984,Wednesday,4.3
2024-01-04,Butter Chicken,Main Course,11,320,3520,1298,2222,Thursday,5.0
2024-01-04,Paneer Tikka,Main Course,38,280,10640,4180,6460,Thursday,4.0
2024-01-04,Biryani,Main Course,42,350,14700,4662,10038,Thursday,3.7
2024-01-04,Dal Makhani,Main Course,87,220,19140,6351,12789,Thursday,3.9
2024-01-04,Tandoori Roti,Bread/Dessert/Beverage,113,40,4520,1921,2599,Thursday,4.3
2024-01-04,Naan,Bread/Dessert/Beverage,49,50,2450,931,1519,Thursday,3.7
2024-01-04,Gulab Jamun,Bread/Dessert/Beverage,101,80,8080,3434,4646,Thursday,4.6
2024-01-04,Lassi,Bread/Dessert/Beverage,100,90,9000,2800,6200,Thursday,4.6
2024-01-04,Samosa,Bread/Dessert/Beverage,92,60,5520,2116,3404,Thursday,3.6
2024-01-04,Chole Bhature,Main Course,45,160,7200,2655,4545,Thursday,4.2
2024-01-05,Butter Chicken,Main Course,64,320,20480,6656,13824,Friday,4.9
2024-01-05,Paneer Tikka,Main Course,58,280,16240,6960,9280,Friday,4.5
2024-01-05,Biryani,Main Course,119,350,41650,15351,26299,Friday,4.1
2024-01-05,Dal Makhani,Main Course,54,220,11880,4698,7182,Friday,4.3
2024-01-05,Tandoori Roti,Bread/Dessert/Beverage,68,40,2720,816,1904,Friday,4.3
2024-01-05,Naan,Bread/Dessert/Beverage,42,50,2100,882,1218,Friday,4.2
2024-01-05,Gulab Jamun,Bread/Dessert/Beverage,37,80,2960,925,2035,Friday,4.7
2024-01-05,Lassi,Bread/Dessert/Beverage,69,90,6210,2070,4140,Friday,3.9
2024-01-05,Samosa,Bread/Dessert/Beverage,48,60,2880,912,1968,Friday,4.0
2024-01-05,Chole Bhature,Main Course,96,160,15360,6336,9024,Friday,4.3
2024-01-06,Butter Chicken,Main Course,76,320,24320,8056,16264,Saturday,4.8
2024-01-06,Paneer Tikka,Main Course,115,280,32200,13915,18285,Saturday,4.8
2024-01-06,Biryani,Main Course,89,350,31150,10502,20648,Saturday,4.2
2024-01-06,Dal Makhani,Main Course,60,220,13200,5940,7260,Saturday,4.7
2024-01-06,Tandoori Roti,Bread/Dessert/Beverage,84,40,3360,1008,2352,Saturday,3.6
2024-01-06,Naan,Bread/Dessert/Beverage,23,50,1150,414,736,Saturday,4.9
2024-01-06,Gulab Jamun,Bread/Dessert/Beverage,10,80,800,300,500,Saturday,4.2
2024-01-06,Lassi,Bread/Dessert/Beverage,75,90,6750,2100,4650,Saturday,4.5
2024-01-06,Samosa,Bread/Dessert/Beverage,94,60,5640,2350,3290,Saturday,4.1
2024-01-06,Chole Bhature,Main Course,117,160,18720,7839,10881,Saturday,4.9
2024-01-07,Butter Chicken,Main Course,117,320,37440,12402,25038,Sunday,4.3
2024-01-07,Paneer Tikka,Main Course,57,280,15960,5472,10488,Sunday,4.7
2024-01-07,Biryani,Main Course,81,350,28350,10935,17415,Sunday,4.5
2024-01-07,Dal Makhani,Main Course,92,220,20240,8464,11776,Sunday,4.1
2024-01-07,Tandoori Roti,Bread/Dessert/Beverage,86,40,3440,1462,1978,Sunday,4.3
2024-01-07,Naan,Bread/Dessert/Beverage,87,50,4350,1392,2958,Sunday,4.5
2024-01-07,Gulab Jamun,Bread/Dessert/Beverage,46,80,3680,1564,2116,Sunday,4.0
2024-01-07,Lassi,Bread/Dessert/Beverage,48,90,4320,1872,2448,Sunday,4.9
2024-01-07,Samosa,Bread/Dessert/Beverage,97,60,5820,1940,3880,Sunday,5.0
2024-01-07,Chole Bhature,Main Course,23,160,3680,1173,2507,Sunday,3.8
2024-01-08,Butter Chicken,Main Course,71,320,22720,7455,15265,Monday,4.8
2024-01-08,Paneer Tikka,Main Course,18,280,5040,1998,3042,Monday,3.7
2024-01-08,Biryani,Main Course,53,350,18550,6784,11766,Monday,4.4
2024-01-08,Dal Makhani,Main Course,45,220,9900,3105,6795,Monday,4.8
2024-01-08,Tandoori Roti,Bread/Dessert/Beverage,91,40,3640,1547,2093,Monday,4.3
2024-01-08,Naan,Bread/Dessert/Beverage,51,50,2550,1122,1428,Monday,4.1
2024-01-08,Gulab Jamun,Bread/Dessert/Beverage,120,80,9600,4320,5280,Monday,4.5
2024-01-08,Lassi,Bread/Dessert/Beverage,45,90,4050,1620,2430,Monday,3.7
2024-01-08,Samosa,Bread/Dessert/Beverage,43,60,2580,1118,1462,Monday,4.1
2024-01-08,Chole Bhature,Main Course,93,160,14880,4836,10044,Monday,3.5
2024-01-09,Butter Chicken,Main Course,101,320,32320,12423,19897,Tuesday,4.3
2024-01-09,Paneer Tikka,Main Course,93,280,26040,10602,15438,Tuesday,4.8
2024-01-09,Biryani,Main Course,48,350,16800,5232,11568,Tuesday,4.6
2024-01-09,Dal Makhani,Main Course,34,220,7480,2448,5032,Tuesday,4.8
2024-01-09,Tandoori Roti,Bread/Dessert/Beverage,29,40,1160,493,667,Tuesday,4.3
2024-01-09,Naan,Bread/Dessert/Beverage,76,50,3800,1520,2280,Tuesday,4.0
2024-01-09,Gulab Jamun,Bread/Dessert/Beverage,107,80,8560,3210,5350,Tuesday,4.7
2024-01-09,Lassi,Bread/Dessert/Beverage,40,90,3600,1320,2280,Tuesday,4.0
2024-01-09,Samosa,Bread/Dessert/Beverage,17,60,1020,374,646,Tuesday,4.7
2024-01-09,Chole Bhature,Main Course,113,160,18080,6328,11752,Tuesday,3.8
2024-01-10,Butter Chicken,Main Course,119,320,38080,15470,22610,Wednesday,4.7
2024-01-10,Paneer Tikka,Main Course,112,280,31360,9856,21504,Wednesday,3.9
2024-01-10,Biryani,Main Course,113,350,39550,12656,26894,Wednesday,4.0
2024-01-10,Dal Makhani,Main Course,86,220,18920,6966,11954,Wednesday,4.6
2024-01-10,Tandoori Roti,Bread/Dessert/Beverage,61,40,2440,976,1464,Wednesday,4.4
2024-01-10,Naan,Bread/Dessert/Beverage,94,50,4700,1692,3008,Wednesday,4.8
2024-01-10,Gulab Jamun,Bread/Dessert/Beverage,50,80,4000,1500,2500,Wednesday,5.0
2024-01-10,Lassi,Bread/Dessert/Beverage,97,90,8730,3492,5238,Wednesday,3.7
2024-01-10,Samosa,Bread/Dessert/Beverage,27,60,1620,648,972,Wednesday,4.0
2024-01-10,Chole Bhature,Main Course,102,160,16320,6528,9792,Wednesday,3.6
2024-01-11,Butter Chicken,Main Course,13,320,4160,1352,2808,Thursday,4.8
2024-01-11,Paneer Tikka,Main Course,93,280,26040,8742,17298,Thursday,4.8
2024-01-11,Biryani,Main Course,73,350,25550,8760,16790,Thursday,4.5
2024-01-11,Dal Makhani,Main Course,47,220,10340,4183,6157,Thursday,4.3
2024-01-11,Tandoori Roti,Bread/Dessert/Beverage,43,40,1720,602,1118,Thursday,3.8
2024-01-11,Naan,Bread/Dessert/Beverage,63,50,3150,945,2205,Thursday,4.0
2024-01-11,Gulab Jamun,Bread/Dessert/Beverage,61,80,4880,1952,2928,Thursday,4.9
2024-01-11,Lassi,Bread/Dessert/Beverage,59,90,5310,2301,3009,Thursday,4.6
2024-01-11,Samosa,Bread/Dessert/Beverage,104,60,6240,2600,3640,Thursday,4.5
2024-01-11,Chole Bhature,Main Course,14,160,2240,756,1484,Thursday,4.9
2024-01-12,Butter Chicken,Main Course,84,320,26880,10752,16128,Friday,4.3
2024-01-12,Paneer Tikka,Main Course,100,280,28000,8900,19100,Friday,4.2
2024-01-12,Biryani,Main Course,83,350,29050,10707,18343,Friday,4.8
2024-01-12,Dal Makhani,Main Course,114,220,25080,9576,15504,Friday,4.1
2024-01-12,Tandoori Roti,Bread/Dessert/Beverage,34,40,1360,612,748,Friday,3.7
2024-01-12,Naan,Bread/Dessert/Beverage,53,50,2650,954,1696,Friday,3.6
2024-01-12,Gulab Jamun,Bread/Dessert/Beverage,102,80,8160,3366,4794,Friday,4.9
2024-01-12,Lassi,Bread/Dessert/Beverage,101,90,9090,3131,5959,Friday,4.8
2024-01-12,Samosa,Bread/Dessert/Beverage,38,60,2280,798,1482,Friday,4.9
2024-01-12,Chole Bhature,Main Course,97,160,15520,6402,9118,Friday,4.7
2024-01-13,Butter Chicken,Main Course,78,320,24960,7566,17394,Saturday,4.9
2024-01-13,Paneer Tikka,Main Course,91,280,25480,10465,15015,Saturday,4.0
2024-01-13,Biryani,Main Course,110,350,38500,16390,22110,Saturday,3.9
2024-01-13,Dal Makhani,Main Course,70,220,15400,6650,8750,Saturday,3.7
2024-01-13,Tandoori Roti,Bread/Dessert/Beverage,95,40,3800,1520,2280,Saturday,4.3
2024-01-13,Naan,Bread/Dessert/Beverage,55,50,2750,880,1870,Saturday,3.9
2024-01-13,Gulab Jamun,Bread/Dessert/Beverage,74,80,5920,1776,4144,Saturday,4.2
2024-01-13,Lassi,Bread/Dessert/Beverage,48,90,4320,1488,2832,Saturday,4.4
2024-01-13,Samosa,Bread/Dessert/Beverage,118,60,7080,2478,4602,Saturday,3.9
2024-01-13,Chole Bhature,Main Course,31,160,4960,2046,2914,Saturday,3.6
2024-01-14,Butter Chicken,Main Course,117,320,37440,16263,21177,Sunday,4.8
2024-01-14,Paneer Tikka,Main Course,94,280,26320,10528,15792,Sunday,4.4
2024-01-14,Biryani,Main Course,81,350,28350,12312,16038,Sunday,3.8
2024-01-14,Dal Makhani,Main Course,33,220,7260,2277,4983,Sunday,3.9
2024-01-14,Tandoori Roti,Bread/Dessert/Beverage,47,40,1880,799,1081,Sunday,3.6
2024-01-14,Naan,Bread/Dessert/Beverage,22,50,1100,418,682,Sunday,5.0
2024-01-14,Gulab Jamun,Bread/Dessert/Beverage,70,80,5600,2380,3220,Sunday,4.3
2024-01-14,Lassi,Bread/Dessert/Beverage,26,90,2340,728,1612,Sunday,4.7
2024-01-14,Samosa,Bread/Dessert/Beverage,104,60,6240,2392,3848,Sunday,3.7
2024-01-14,Chole Bhature,Main Course,43,160,6880,2150,4730,Sunday,4.9
2024-01-15,Butter Chicken,Main Course,102,320,32640,13056,19584,Monday,4.7
2024-01-15,Paneer Tikka,Main Course,113,280,31640,13673,17967,Monday,4.4
2024-01-15,Biryani,Main Course,81,350,28350,10692,17658,Monday,4.1
2024-01-15,Dal Makhani,Main Course,107,220,23540,8132,15408,Monday,4.2
2024-01-15,Tandoori Roti,Bread/Dessert/Beverage,33,40,1320,561,759,Monday,4.4
2024-01-15,Naan,Bread/Dessert/Beverage,97,50,4850,2134,2716,Monday,4.2
2024-01-15,Gulab Jamun,Bread/Dessert/Beverage,52,80,4160,1612,2548,Monday,4.4
2024-01-15,Lassi,Bread/Dessert/Beverage,93,90,8370,3255,5115,Monday,4.6
2024-01-15,Samosa,Bread/Dessert/Beverage,21,60,1260,420,840,Monday,4.3
2024-01-15,Chole Bhature,Main Course,38,160,6080,1938,4142,Monday,4.1
2024-01-16,Butter Chicken,Main Course,55,320,17600,6545,11055,Tuesday,4.5
2024-01-16,Paneer Tikka,Main Course,38,280,10640,4712,5928,Tuesday,4.4
2024-01-16,Biryani,Main Course,105,350,36750,15120,21630,Tuesday,4.3
2024-01-16,Dal Makhani,Main Course,49,220,10780,4263,6517,Tuesday,3.6
2024-01-16,Tandoori Roti,Bread/Dessert/Beverage,63,40,2520,882,1638,Tuesday,4.0
2024-01-16,Naan,Bread/Dessert/Beverage,110,50,5500,2090,3410,Tuesday,3.6
2024-01-16,Gulab Jamun,Bread/Dessert/Beverage,52,80,4160,1352,2808,Tuesday,3.9
2024-01-16,Lassi,Bread/Dessert/Beverage,57,90,5130,2280,2850,Tuesday,4.0
2024-01-16,Samosa,Bread/Dessert/Beverage,43,60,2580,946,1634,Tuesday,3.8
2024-01-16,Chole Bhature,Main Course,84,160,13440,5292,8148,Tuesday,3.9
2024-01-17,Butter Chicken,Main Course,47,320,15040,4982,10058,Wednesday,4.3
2024-01-17,Paneer Tikka,Main Course,69,280,19320,5796,13524,Wednesday,3.5
2024-01-17,Biryani,Main Course,118,350,41300,13806,27494,Wednesday,3.6
2024-01-17,Dal Makhani,Main Course,25,220,5500,1750,3750,Wednesday,4.0
2024-01-17,Tandoori Roti,Bread/Dessert/Beverage,70,40,2800,1190,1610,Wednesday,4.4
2024-01-17,Naan,Bread/Dessert/Beverage,16,50,800,304,496,Wednesday,3.9
2024-01-17,Gulab Jamun,Bread/Dessert/Beverage,120,80,9600,4200,5400,Wednesday,4.1
2024-01-17,Lassi,Bread/Dessert/Beverage,91,90,8190,2548,5642,Wednesday,4.4
2024-01-17,Samosa,Bread/Dessert/Beverage,84,60,5040,1596,3444,Wednesday,4.0
2024-01-17,Chole Bhature,Main Course,84,160,13440,5040,8400,Wednesday,4.8
2024-01-18,Butter Chicken,Main Course,89,320,28480,10680,17800,Thursday,4.6
2024-01-18,Paneer Tikka,Main Course,19,280,5320,2394,2926,Thursday,3.7
2024-01-18,Biryani,Main Course,70,350,24500,8330,16170,Thursday,4.1
2024-01-18,Dal Makhani,Main Course,34,220,7480,2720,4760,Thursday,4.1
2024-01-18,Tandoori Roti,Bread/Dessert/Beverage,74,40,2960,1258,1702,Thursday,4.6
2024-01-18,Naan,Bread/Dessert/Beverage,25,50,1250,500,750,Thursday,4.0
2024-01-18,Gulab Jamun,Bread/Dessert/Beverage,97,80,7760,3298,4462,Thursday,4.9
2024-01-18,Lassi,Bread/Dessert/Beverage,58,90,5220,2204,3016,Thursday,3.5
2024-01-18,Samosa,Bread/Dessert/Beverage,77,60,4620,1848,2772,Thursday,3.6
2024-01-18,Chole Bhature,Main Course,48,160,7680,2592,5088,Thursday,3.6
2024-01-19,Butter Chicken,Main Course,62,320,19840,7750,12090,Friday,4.5
2024-01-19,Paneer Tikka,Main Course,16,280,4480,1424,3056,Friday,4.1
2024-01-19,Biryani,Main Course,119,350,41650,15351,26299,Friday,4.1
2024-01-19,Dal Makhani,Main Course,29,220,6380,2030,4350,Friday,4.1
2024-01-19,Tandoori Roti,Bread/Dessert/Beverage,27,40,1080,459,621,Friday,3.6
2024-01-19,Naan,Bread/Dessert/Beverage,35,50,1750,560,1190,Friday,4.0
2024-01-19,Gulab Jamun,Bread/Dessert/Beverage,53,80,4240,1855,2385,Friday,4.5
2024-01-19,Lassi,Bread/Dessert/Beverage,62,90,5580,2232,3348,Friday,4.0
2024-01-19,Samosa,Bread/Dessert/Beverage,82,60,4920,1886,3034,Friday,3.5
2024-01-19,Chole Bhature,Main Course,68,160,10880,4284,6596,Friday,4.9
2024-01-20,Butter Chicken,Main Course,28,320,8960,3500,5460,Saturday,4.8
2024-01-20,Paneer Tikka,Main Course,50,280,14000,5700,8300,Saturday,3.7
2024-01-20,Biryani,Main Course,120,350,42000,18240,23760,Saturday,3.6
2024-01-20,Dal Makhani,Main Course,101,220,22220,8484,13736,Saturday,3.7
2024-01-20,Tandoori Roti,Bread/Dessert/Beverage,33,40,1320,396,924,Saturday,4.1
2024-01-20,Naan,Bread/Dessert/Beverage,109,50,5450,1853,3597,Saturday,4.2
2024-01-20,Gulab Jamun,Bread/Dessert/Beverage,20,80,1600,620,980,Saturday,3.6
2024-01-20,Lassi,Bread/Dessert/Beverage,72,90,6480,2088,4392,Saturday,4.3
2024-01-20,Samosa,Bread/Dessert/Beverage,52,60,3120,1092,2028,Saturday,4.6
2024-01-20,Chole Bhature,Main Course,90,160,14400,5760,8640,Saturday,4.8
2024-01-21,Butter Chicken,Main Course,32,320,10240,4128,6112,Sunday,4.1
2024-01-21,Paneer Tikka,Main Course,50,280,14000,5600,8400,Sunday,3.9
2024-01-21,Biryani,Main Course,91,350,31850,11011,20839,Sunday,4.7
2024-01-21,Dal Makhani,Main Course,17,220,3740,1377,2363,Sunday,4.7
2024-01-21,Tandoori Roti,Bread/Dessert/Beverage,10,40,400,170,230,Sunday,4.8
2024-01-21,Naan,Bread/Dessert/Beverage,67,50,3350,1474,1876,Sunday,4.1
2024-01-21,Gulab Jamun,Bread/Dessert/Beverage,45,80,3600,1260,2340,Sunday,4.4
2024-01-21,Lassi,Bread/Dessert/Beverage,36,90,3240,1152,2088,Sunday,4.4
2024-01-21,Samosa,Bread/Dessert/Beverage,107,60,6420,2568,3852,Sunday,4.5
2024-01-21,Chole Bhature,Main Course,109,160,17440,6213,11227,Sunday,3.8
2024-01-22,Butter Chicken,Main Course,31,320,9920,3627,6293,Monday,3.7
2024-01-22,Paneer Tikka,Main Course,83,280,23240,10043,13197,Monday,4.0
2024-01-22,Biryani,Main Course,107,350,37450,12091,25359,Monday,3.5
2024-01-22,Dal Makhani,Main Course,30,220,6600,2610,3990,Monday,4.5
2024-01-22,Tandoori Roti,Bread/Dessert/Beverage,72,40,2880,1008,1872,Monday,3.6
2024-01-22,Naan,Bread/Dessert/Beverage,110,50,5500,1980,3520,Monday,4.0
2024-01-22,Gulab Jamun,Bread/Dessert/Beverage,107,80,8560,3424,5136,Monday,4.4
2024-01-22,Lassi,Bread/Dessert/Beverage,109,90,9810,3488,6322,Monday,3.8
2024-01-22,Samosa,Bread/Dessert/Beverage,21,60,1260,567,693,Monday,4.2
2024-01-22,Chole Bhature,Main Course,26,160,4160,1690,2470,Monday,3.7
2024-01-23,Butter Chicken,Main Course,88,320,28160,10472,17688,Tuesday,3.5
2024-01-23,Paneer Tikka,Main Course,65,280,18200,6825,11375,Tuesday,4.9
2024-01-23,Biryani,Main Course,91,350,31850,11375,20475,Tuesday,3.6
2024-01-23,Dal Makhani,Main Course,64,220,14080,4288,9792,Tuesday,4.1
2024-01-23,Tandoori Roti,Bread/Dessert/Beverage,61,40,2440,793,1647,Tuesday,3.5
2024-01-23,Naan,Bread/Dessert/Beverage,64,50,3200,1344,1856,Tuesday,4.2
2024-01-23,Gulab Jamun,Bread/Dessert/Beverage,71,80,5680,1917,3763,Tuesday,4.9
2024-01-23,Lassi,Bread/Dessert/Beverage,59,90,5310,1711,3599,Tuesday,4.9
2024-01-23,Samosa,Bread/Dessert/Beverage,10,60,600,210,390,Tuesday,4.8
2024-01-23,Chole Bhature,Main Course,14,160,2240,868,1372,Tuesday,4.7
2024-01-24,Butter Chicken,Main Course,78,320,24960,11154,13806,Wednesday,3.9
2024-01-24,Paneer Tikka,Main Course,35,280,9800,4340,5460,Wednesday,4.1
2024-01-24,Biryani,Main Course,103,350,36050,12875,23175,Wednesday,4.0
2024-01-24,Dal Makhani,Main Course,57,220,12540,4788,7752,Wednesday,3.7
2024-01-24,Tandoori Roti,Bread/Dessert/Beverage,11,40,440,165,275,Wednesday,4.3
2024-01-24,Naan,Bread/Dessert/Beverage,51,50,2550,1071,1479,Wednesday,4.8
2024-01-24,Gulab Jamun,Bread/Dessert/Beverage,106,80,8480,3074,5406,Wednesday,4.0
2024-01-24,Lassi,Bread/Dessert/Beverage,116,90,10440,3596,6844,Wednesday,3.8
2024-01-24,Samosa,Bread/Dessert/Beverage,77,60,4620,1463,3157,Wednesday,4.0
2024-01-24,Chole Bhature,Main Course,34,160,5440,1836,3604,Wednesday,4.9
2024-01-25,Butter Chicken,Main Course,12,320,3840,1476,2364,Thursday,4.0
2024-01-25,Paneer Tikka,Main Course,96,280,26880,10368,16512,Thursday,3.7
2024-01-25,Biryani,Main Course,10,350,3500,1280,2220,Thursday,4.4
2024-01-25,Dal Makhani,Main Course,90,220,19800,7380,12420,Thursday,4.1
2024-01-25,Tandoori Roti,Bread/Dessert/Beverage,103,40,4120,1854,2266,Thursday,4.8
2024-01-25,Naan,Bread/Dessert/Beverage,41,50,2050,820,1230,Thursday,4.4
2024-01-25,Gulab Jamun,Bread/Dessert/Beverage,38,80,3040,1178,1862,Thursday,3.8
2024-01-25,Lassi,Bread/Dessert/Beverage,98,90,8820,3136,5684,Thursday,3.6
2024-01-25,Samosa,Bread/Dessert/Beverage,54,60,3240,1188,2052,Thursday,4.3
2024-01-25,Chole Bhature,Main Course,49,160,7840,2597,5243,Thursday,4.9
2024-01-26,Butter Chicken,Main Course,26,320,8320,3640,4680,Friday,4.6
2024-01-26,Paneer Tikka,Main Course,23,280,6440,2438,4002,Friday,4.8
2024-01-26,Biryani,Main Course,59,350,20650,6608,14042,Friday,4.7
2024-01-26,Dal Makhani,Main Course,74,220,16280,5180,11100,Friday,4.7
2024-01-26,Tandoori Roti,Bread/Dessert/Beverage,85,40,3400,1190,2210,Friday,4.8
2024-01-26,Naan,Bread/Dessert/Beverage,49,50,2450,1078,1372,Friday,3.7
2024-01-26,Gulab Jamun,Bread/Dessert/Beverage,31,80,2480,930,1550,Friday,5.0
2024-01-26,Lassi,Bread/Dessert/Beverage,18,90,1620,612,1008,Friday,4.8
2024-01-26,Samosa,Bread/Dessert/Beverage,115,60,6900,2645,4255,Friday,4.1
2024-01-26,Chole Bhature,Main Course,15,160,2400,825,1575,Friday,3.8
2024-01-27,Butter Chicken,Main Course,48,320,15360,6384,8976,Saturday,4.1
2024-01-27,Paneer Tikka,Main Course,47,280,13160,4935,8225,Saturday,4.2
2024-01-27,Biryani,Main Course,68,350,23800,9180,14620,Saturday,4.8
2024-01-27,Dal Makhani,Main Course,103,220,22660,10094,12566,Saturday,4.1
2024-01-27,Tandoori Roti,Bread/Dessert/Beverage,76,40,3040,1292,1748,Saturday,4.6
2024-01-27,Naan,Bread/Dessert/Beverage,86,50,4300,1634,2666,Saturday,4.9
2024-01-27,Gulab Jamun,Bread/Dessert/Beverage,77,80,6160,2002,4158,Saturday,3.7
2024-01-27,Lassi,Bread/Dessert/Beverage,53,90,4770,2067,2703,Saturday,4.2
2024-01-27,Samosa,Bread/Dessert/Beverage,65,60,3900,1690,2210,Saturday,4.8
2024-01-27,Chole Bhature,Main Course,97,160,15520,4753,10767,Saturday,4.8
2024-01-28,Butter Chicken,Main Course,27,320,8640,3186,5454,Sunday,4.3
2024-01-28,Paneer Tikka,Main Course,53,280,14840,5830,9010,Sunday,4.9
2024-01-28,Biryani,Main Course,72,350,25200,7632,17568,Sunday,4.2
2024-01-28,Dal Makhani,Main Course,55,220,12100,4895,7205,Sunday,4.6
2024-01-28,Tandoori Roti,Bread/Dessert/Beverage,106,40,4240,1696,2544,Sunday,3.7
2024-01-28,Naan,Bread/Dessert/Beverage,34,50,1700,578,1122,Sunday,4.0
2024-01-28,Gulab Jamun,Bread/Dessert/Beverage,31,80,2480,1054,1426,Sunday,3.9
2024-01-28,Lassi,Bread/Dessert/Beverage,113,90,10170,3390,6780,Sunday,4.9
2024-01-28,Samosa,Bread/Dessert/Beverage,61,60,3660,1098,2562,Sunday,5.0
2024-01-28,Chole Bhature,Main Course,12,160,1920,768,1152,Sunday,4.7
2024-01-29,Butter Chicken,Main Course,39,320,12480,4290,8190,Monday,3.5
2024-01-29,Paneer Tikka,Main Course,38,280,10640,4370,6270,Monday,4.8
2024-01-29,Biryani,Main Course,103,350,36050,14832,21218,Monday,3.7
2024-01-29,Dal Makhani,Main Course,26,220,5720,2366,3354,Monday,4.7
2024-01-29,Tandoori Roti,Bread/Dessert/Beverage,37,40,1480,592,888,Monday,4.6
2024-01-29,Naan,Bread/Dessert/Beverage,103,50,5150,2163,2987,Monday,4.4
2024-01-29,Gulab Jamun,Bread/Dessert/Beverage,12,80,960,300,660,Monday,4.2
2024-01-29,Lassi,Bread/Dessert/Beverage,85,90,7650,2380,5270,Monday,4.1
2024-01-29,Samosa,Bread/Dessert/Beverage,74,60,4440,1628,2812,Monday,3.6
2024-01-29,Chole Bhature,Main Course,31,160,4960,1736,3224,Monday,3.7
2024-01-30,Butter Chicken,Main Course,25,320,8000,3375,4625,Tuesday,4.9
2024-01-30,Paneer Tikka,Main Course,56,280,15680,4872,10808,Tuesday,4.9
2024-01-30,Biryani,Main Course,101,350,35350,13332,22018,Tuesday,3.9
2024-01-30,Dal Makhani,Main Course,93,220,20460,6417,14043,Tuesday,4.3
2024-01-30,Tandoori Roti,Bread/Dessert/Beverage,111,40,4440,1887,2553,Tuesday,4.6
2024-01-30,Naan,Bread/Dessert/Beverage,14,50,700,210,490,Tuesday,3.6
2024-01-30,Gulab Jamun,Bread/Dessert/Beverage,58,80,4640,1682,2958,Tuesday,3.9
2024-01-30,Lassi,Bread/Dessert/Beverage,91,90,8190,2730,5460,Tuesday,3.9
2024-01-30,Samosa,Bread/Dessert/Beverage,42,60,2520,1050,1470,Tuesday,4.9
2024-01-30,Chole Bhature,Main Course,108,160,17280,6264,11016,Tuesday,4.9
2024-01-31,Butter Chicken,Main Course,78,320,24960,8658,16302,Wednesday,4.2
2024-01-31,Paneer Tikka,Main Course,89,280,24920,8277,16643,Wednesday,4.5
2024-01-31,Biryani,Main Course,16,350,5600,2496,3104,Wednesday,4.4
2024-01-31,Dal Makhani,Main Course,86,220,18920,6708,12212,Wednesday,4.5
2024-01-31,Tandoori Roti,Bread/Dessert/Beverage,16,40,640,208,432,Wednesday,4.8
2024-01-31,Naan,Bread/Dessert/Beverage,94,50,4700,1786,2914,Wednesday,4.2
2024-01-31,Gulab Jamun,Bread/Dessert/Beverage,23,80,1840,713,1127,Wednesday,4.4
2024-01-31,Lassi,Bread/Dessert/Beverage,93,90,8370,2604,5766,Wednesday,4.5
2024-01-31,Samosa,Bread/Dessert/Beverage,117,60,7020,2340,4680,Wednesday,4.6
2024-01-31,Chole Bhature,Main Course,12,160,1920,816,1104,Wednesday,4.7
2024-02-01,Butter Chicken,Main Course,16,320,5120,1968,3152,Thursday,4.3
2024-02-01,Paneer Tikka,Main Course,98,280,27440,8820,18620,Thursday,4.7
2024-02-01,Biryani,Main Course,24,350,8400,2856,5544,Thursday,4.2
2024-02-01,Dal Makhani,Main Course,63,220,13860,4725,9135,Thursday,3.7
2024-02-01,Tandoori Roti,Bread/Dessert/Beverage,66,40,2640,1056,1584,Thursday,3.6
2024-02-01,Naan,Bread/Dessert/Beverage,58,50,2900,1218,1682,Thursday,4.0
2024-02-01,Gulab Jamun,Bread/Dessert/Beverage,25,80,2000,600,1400,Thursday,4.3
2024-02-01,Lassi,Bread/Dessert/Beverage,80,90,7200,2240,4960,Thursday,3.9
2024-02-01,Samosa,Bread/Dessert/Beverage,42,60,2520,1008,1512,Thursday,3.6
2024-02-01,Chole Bhature,Main Course,70,160,11200,4760,6440,Thursday,3.5
2024-02-02,Butter Chicken,Main Course,99,320,31680,10692,20988,Friday,4.6
2024-02-02,Paneer Tikka,Main Course,29,280,8120,2813,5307,Friday,3.7
2024-02-02,Biryani,Main Course,36,350,12600,4464,8136,Friday,3.9
2024-02-02,Dal Makhani,Main Course,98,220,21560,9212,12348,Friday,4.0
2024-02-02,Tandoori Roti,Bread/Dessert/Beverage,97,40,3880,1649,2231,Friday,4.8
2024-02-02,Naan,Bread/Dessert/Beverage,90,50,4500,1620,2880,Friday,4.9
2024-02-02,Gulab Jamun,Bread/Dessert/Beverage,11,80,880,319,561,Friday,4.9
2024-02-02,Lassi,Bread/Dessert/Beverage,48,90,4320,1344,2976,Friday,4.5
2024-02-02,Samosa,Bread/Dessert/Beverage,63,60,3780,1386,2394,Friday,4.1
2024-02-02,Chole Bhature,Main Course,94,160,15040,5922,9118,Friday,4.6
2024-02-03,Butter Chicken,Main Course,22,320,7040,2112,4928,Saturday,3.8
2024-02-03,Paneer Tikka,Main Course,94,280,26320,10716,15604,Saturday,4.5
2024-02-03,Biryani,Main Course,76,350,26600,11856,14744,Saturday,4.6
2024-02-03,Dal Makhani,Main Course,44,220,9680,4268,5412,Saturday,4.6
2024-02-03,Tandoori Roti,Bread/Dessert/Beverage,89,40,3560,1246,2314,Saturday,3.7
2024-02-03,Naan,Bread/Dessert/Beverage,87,50,4350,1827,2523,Saturday,4.5
2024-02-03,Gulab Jamun,Bread/Dessert/Beverage,99,80,7920,2475,5445,Saturday,4.0
2024-02-03,Lassi,Bread/Dessert/Beverage,27,90,2430,1080,1350,Saturday,4.3
2024-02-03,Samosa,Bread/Dessert/Beverage,63,60,3780,1386,2394,Saturday,4.2
2024-02-03,Chole Bhature,Main Course,116,160,18560,6148,12412,Saturday,4.1
2024-02-04,Butter Chicken,Main Course,23,320,7360,2622,4738,Sunday,3.6
2024-02-04,Paneer Tikka,Main Course,75,280,21000,8700,12300,Sunday,4.1
2024-02-04,Biryani,Main Course,102,350,35700,15096,20604,Sunday,4.8
2024-02-04,Dal Makhani,Main Course,89,220,19580,6497,13083,Sunday,4.5
2024-02-04,Tandoori Roti,Bread/Dessert/Beverage,25,40,1000,375,625,Sunday,4.8
2024-02-04,Naan,Bread/Dessert/Beverage,46,50,2300,782,1518,Sunday,4.5
2024-02-04,Gulab Jamun,Bread/Dessert/Beverage,24,80,1920,744,1176,Sunday,3.9
2024-02-04,Lassi,Bread/Dessert/Beverage,110,90,9900,3190,6710,Sunday,4.5
2024-02-04,Samosa,Bread/Dessert/Beverage,23,60,1380,575,805,Sunday,4.0
2024-02-04,Chole Bhature,Main Course,73,160,11680,4599,7081,Sunday,4.1
2024-02-05,Butter Chicken,Main Course,35,320,11200,4550,6650,Monday,3.8
2024-02-05,Paneer Tikka,Main Course,87,280,24360,10527,13833,Monday,3.9
2024-02-05,Biryani,Main Course,35,350,12250,4340,7910,Monday,3.6
2024-02-05,Dal Makhani,Main Course,109,220,23980,7630,16350,Monday,4.3
2024-02-05,Tandoori Roti,Bread/Dessert/Beverage,43,40,1720,602,1118,Monday,4.8
2024-02-05,Naan,Bread/Dessert/Beverage,116,50,5800,1740,4060,Monday,4.1
2024-02-05,Gulab Jamun,Bread/Dessert/Beverage,76,80,6080,2128,3952,Monday,3.5
2024-02-05,Lassi,Bread/Dessert/Beverage,35,90,3150,1015,2135,Monday,4.1
2024-02-05,Samosa,Bread/Dessert/Beverage,55,60,3300,1210,2090,Monday,4.1
2024-02-05,Chole Bhature,Main Course,100,160,16000,6100,9900,Monday,4.4
2024-02-06,Butter Chicken,Main Course,62,320,19840,5952,13888,Tuesday,4.2
2024-02-06,Paneer Tikka,Main Course,47,280,13160,5828,7332,Tuesday,4.3
2024-02-06,Biryani,Main Course,30,350,10500,4230,6270,Tuesday,4.0
2024-02-06,Dal Makhani,Main Course,15,220,3300,1380,1920,Tuesday,4.7
2024-02-06,Tandoori Roti,Bread/Dessert/Beverage,80,40,3200,1200,2000,Tuesday,5.0
2024-02-06,Naan,Bread/Dessert/Beverage,73,50,3650,1168,2482,Tuesday,3.5
2024-02-06,Gulab Jamun,Bread/Dessert/Beverage,36,80,2880,1188,1692,Tuesday,4.7
2024-02-06,Lassi,Bread/Dessert/Beverage,98,90,8820,2842,5978,Tuesday,3.9
2024-02-06,Samosa,Bread/Dessert/Beverage,71,60,4260,1278,2982,Tuesday,3.9
2024-02-06,Chole Bhature,Main Course,52,160,8320,3484,4836,Tuesday,4.3
2024-02-07,Butter Chicken,Main Course,40,320,12800,4520,8280,Wednesday,4.1
2024-02-07,Paneer Tikka,Main Course,10,280,2800,840,1960,Wednesday,3.9
2024-02-07,Biryani,Main Course,11,350,3850,1529,2321,Wednesday,5.0
2024-02-07,Dal Makhani,Main Course,95,220,20900,8930,11970,Wednesday,3.5
2024-02-07,Tandoori Roti,Bread/Dessert/Beverage,21,40,840,357,483,Wednesday,4.7
2024-02-07,Naan,Bread/Dessert/Beverage,24,50,1200,504,696,Wednesday,4.2
2024-02-07,Gulab Jamun,Bread/Dessert/Beverage,116,80,9280,3364,5916,Wednesday,4.0
2024-02-07,Lassi,Bread/Dessert/Beverage,83,90,7470,2324,5146,Wednesday,3.8
2024-02-07,Samosa,Bread/Dessert/Beverage,95,60,5700,1900,3800,Wednesday,4.2
2024-02-07,Chole Bhature,Main Course,73,160,11680,4818,6862,Wednesday,4.2
2024-02-08,Butter Chicken,Main Course,29,320,9280,2871,6409,Thursday,4.9
2024-02-08,Paneer Tikka,Main Course,21,280,5880,2604,3276,Thursday,4.7
2024-02-08,Biryani,Main Course,109,350,38150,17113,21037,Thursday,4.3
2024-02-08,Dal Makhani,Main Course,75,220,16500,7350,9150,Thursday,3.6
2024-02-08,Tandoori Roti,Bread/Dessert/Beverage,19,40,760,266,494,Thursday,3.8
2024-02-08,Naan,Bread/Dessert/Beverage,102,50,5100,1632,3468,Thursday,3.7
2024-02-08,Gulab Jamun,Bread/Dessert/Beverage,102,80,8160,3162,4998,Thursday,4.7
2024-02-08,Lassi,Bread/Dessert/Beverage,22,90,1980,770,1210,Thursday,3.7
2024-02-08,Samosa,Bread/Dessert/Beverage,42,60,2520,1050,1470,Thursday,4.5
2024-02-08,Chole Bhature,Main Course,92,160,14720,5244,9476,Thursday,4.5
2024-02-09,Butter Chicken,Main Course,39,320,12480,4212,8268,Friday,4.0
2024-02-09,Paneer Tikka,Main Course,68,280,19040,8364,10676,Friday,3.9
2024-02-09,Biryani,Main Course,47,350,16450,6110,10340,Friday,4.8
2024-02-09,Dal Makhani,Main Course,43,220,9460,3827,5633,Friday,3.6
2024-02-09,Tandoori Roti,Bread/Dessert/Beverage,69,40,2760,897,1863,Friday,3.5
2024-02-09,Naan,Bread/Dessert/Beverage,16,50,800,320,480,Friday,4.2
2024-02-09,Gulab Jamun,Bread/Dessert/Beverage,22,80,1760,572,1188,Friday,4.9
2024-02-09,Lassi,Bread/Dessert/Beverage,114,90,10260,3876,6384,Friday,3.9
2024-02-09,Samosa,Bread/Dessert/Beverage,32,60,1920,736,1184,Friday,4.5
2024-02-09,Chole Bhature,Main Course,15,160,2400,750,1650,Friday,3.9
2024-02-10,Butter Chicken,Main Course,119,320,38080,16065,22015,Saturday,4.2
2024-02-10,Paneer Tikka,Main Course,47,280,13160,5029,8131,Saturday,4.1
2024-02-10,Biryani,Main Course,56,350,19600,5992,13608,Saturday,3.7
2024-02-10,Dal Makhani,Main Course,112,220,24640,9072,15568,Saturday,3.8
2024-02-10,Tandoori Roti,Bread/Dessert/Beverage,96,40,3840,1152,2688,Saturday,4.8
2024-02-10,Naan,Bread/Dessert/Beverage,50,50,2500,1100,1400,Saturday,4.7
2024-02-10,Gulab Jamun,Bread/Dessert/Beverage,64,80,5120,2176,2944,Saturday,3.9
2024-02-10,Lassi,Bread/Dessert/Beverage,104,90,9360,4160,5200,Saturday,3.8
2024-02-10,Samosa,Bread/Dessert/Beverage,24,60,1440,648,792,Saturday,5.0
2024-02-10,Chole Bhature,Main Course,22,160,3520,1430,2090,Saturday,5.0
2024-02-11,Butter Chicken,Main Course,118,320,37760,14514,23246,Sunday,3.9
2024-02-11,Paneer Tikka,Main Course,107,280,29960,10914,19046,Sunday,4.4
2024-02-11,Biryani,Main Course,15,350,5250,1635,3615,Sunday,4.4
2024-02-11,Dal Makhani,Main Course,11,220,2420,1078,1342,Sunday,3.8
2024-02-11,Tandoori Roti,Bread/Dessert/Beverage,119,40,4760,2023,2737,Sunday,4.9
2024-02-11,Naan,Bread/Dessert/Beverage,27,50,1350,594,756,Sunday,4.9
2024-02-11,Gulab Jamun,Bread/Dessert/Beverage,94,80,7520,2820,4700,Sunday,5.0
2024-02-11,Lassi,Bread/Dessert/Beverage,92,90,8280,3404,4876,Sunday,3.7
2024-02-11,Samosa,Bread/Dessert/Beverage,31,60,1860,682,1178,Sunday,4.6
2024-02-11,Chole Bhature,Main Course,52,160,8320,2808,5512,Sunday,4.5
2024-02-12,Butter Chicken,Main Course,55,320,17600,7040,10560,Monday,3.7
2024-02-12,Paneer Tikka,Main Course,66,280,18480,7128,11352,Monday,4.7
2024-02-12,Biryani,Main Course,89,350,31150,11659,19491,Monday,3.5
2024-02-12,Dal Makhani,Main Course,44,220,9680,2904,6776,Monday,4.0
2024-02-12,Tandoori Roti,Bread/Dessert/Beverage,103,40,4120,1854,2266,Monday,3.8
2024-02-12,Naan,Bread/Dessert/Beverage,21,50,1050,420,630,Monday,3.8
2024-02-12,Gulab Jamun,Bread/Dessert/Beverage,57,80,4560,1596,2964,Monday,4.8
2024-02-12,Lassi,Bread/Dessert/Beverage,114,90,10260,4218,6042,Monday,3.6
2024-02-12,Samosa,Bread/Dessert/Beverage,53,60,3180,1166,2014,Monday,3.5
2024-02-12,Chole Bhature,Main Course,33,160,5280,1980,3300,Monday,4.5
2024-02-13,Butter Chicken,Main Course,24,320,7680,2448,5232,Tuesday,3.9
2024-02-13,Paneer Tikka,Main Course,61,280,17080,6161,10919,Tuesday,4.9
2024-02-13,Biryani,Main Course,61,350,21350,9577,11773,Tuesday,3.6
2024-02-13,Dal Makhani,Main Course,68,220,14960,6188,8772,Tuesday,4.1
2024-02-13,Tandoori Roti,Bread/Dessert/Beverage,44,40,1760,616,1144,Tuesday,4.6
2024-02-13,Naan,Bread/Dessert/Beverage,116,50,5800,2552,3248,Tuesday,4.9
2024-02-13,Gulab Jamun,Bread/Dessert/Beverage,59,80,4720,1829,2891,Tuesday,4.0
2024-02-13,Lassi,Bread/Dessert/Beverage,98,90,8820,3724,5096,Tuesday,3.9
2024-02-13,Samosa,Bread/Dessert/Beverage,118,60,7080,2714,4366,Tuesday,4.0
2024-02-13,Chole Bhature,Main Course,71,160,11360,4544,6816,Tuesday,3.9
2024-02-14,Butter Chicken,Main Course,112,320,35840,11760,24080,Wednesday,4.9
2024-02-14,Paneer Tikka,Main Course,63,280,17640,5544,12096,Wednesday,4.3
2024-02-14,Biryani,Main Course,93,350,32550,10881,21669,Wednesday,3.6
2024-02-14,Dal Makhani,Main Course,112,220,24640,7504,17136,Wednesday,3.8
2024-02-14,Tandoori Roti,Bread/Dessert/Beverage,31,40,1240,527,713,Wednesday,3.9
2024-02-14,Naan,Bread/Dessert/Beverage,24,50,1200,528,672,Wednesday,4.4
2024-02-14,Gulab Jamun,Bread/Dessert/Beverage,26,80,2080,754,1326,Wednesday,4.4
2024-02-14,Lassi,Bread/Dessert/Beverage,99,90,8910,3366,5544,Wednesday,4.6
2024-02-14,Samosa,Bread/Dessert/Beverage,102,60,6120,2142,3978,Wednesday,4.0
2024-02-14,Chole Bhature,Main Course,17,160,2720,1173,1547,Wednesday,4.9
2024-02-15,Butter Chicken,Main Course,118,320,37760,16402,21358,Thursday,4.1
2024-02-15,Paneer Tikka,Main Course,30,280,8400,3510,4890,Thursday,4.2
2024-02-15,Biryani,Main Course,23,350,8050,3013,5037,Thursday,3.8
2024-02-15,Dal Makhani,Main Course,63,220,13860,5418,8442,Thursday,3.8
2024-02-15,Tandoori Roti,Bread/Dessert/Beverage,85,40,3400,1190,2210,Thursday,4.8
2024-02-15,Naan,Bread/Dessert/Beverage,71,50,3550,1207,2343,Thursday,3.6
2024-02-15,Gulab Jamun,Bread/Dessert/Beverage,112,80,8960,2800,6160,Thursday,4.9
2024-02-15,Lassi,Bread/Dessert/Beverage,82,90,7380,2788,4592,Thursday,4.1
2024-02-15,Samosa,Bread/Dessert/Beverage,96,60,5760,2400,3360,Thursday,4.8
2024-02-15,Chole Bhature,Main Course,66,160,10560,3696,6864,Thursday,4.5
2024-02-16,Butter Chicken,Main Course,33,320,10560,4389,6171,Friday,4.5
2024-02-16,Paneer Tikka,Main Course,88,280,24640,7920,16720,Friday,4.8
2024-02-16,Biryani,Main Course,58,350,20300,7714,12586,Friday,3.9
2024-02-16,Dal Makhani,Main Course,109,220,23980,8720,15260,Friday,3.6
2024-02-16,Tandoori Roti,Bread/Dessert/Beverage,55,40,2200,715,1485,Friday,4.6
2024-02-16,Naan,Bread/Dessert/Beverage,88,50,4400,1320,3080,Friday,4.1
2024-02-16,Gulab Jamun,Bread/Dessert/Beverage,13,80,1040,390,650,Friday,3.6
2024-02-16,Lassi,Bread/Dessert/Beverage,120,90,10800,4800,6000,Friday,3.8
2024-02-16,Samosa,Bread/Dessert/Beverage,97,60,5820,2037,3783,Friday,4.0
2024-02-16,Chole Bhature,Main Course,117,160,18720,6318,12402,Friday,3.5
2024-02-17,Butter Chicken,Main Course,103,320,32960,13493,19467,Saturday,5.0
2024-02-17,Paneer Tikka,Main Course,26,280,7280,2418,4862,Saturday,4.5
2024-02-17,Biryani,Main Course,71,350,24850,10224,14626,Saturday,4.8
2024-02-17,Dal Makhani,Main Course,72,220,15840,5760,10080,Saturday,4.0
2024-02-17,Tandoori Roti,Bread/Dessert/Beverage,24,40,960,336,624,Saturday,4.6
2024-02-17,Naan,Bread/Dessert/Beverage,62,50,3100,1302,1798,Saturday,3.8
2024-02-17,Gulab Jamun,Bread/Dessert/Beverage,66,80,5280,1848,3432,Saturday,4.9
2024-02-17,Lassi,Bread/Dessert/Beverage,15,90,1350,570,780,Saturday,5.0
2024-02-17,Samosa,Bread/Dessert/Beverage,18,60,1080,450,630,Saturday,4.1
2024-02-17,Chole Bhature,Main Course,43,160,6880,2666,4214,Saturday,4.5
2024-02-18,Butter Chicken,Main Course,93,320,29760,9300,20460,Sunday,4.3
2024-02-18,Paneer Tikka,Main Course,50,280,14000,5700,8300,Sunday,3.8
2024-02-18,Biryani,Main Course,11,350,3850,1606,2244,Sunday,4.4
2024-02-18,Dal Makhani,Main Course,100,220,22000,9700,12300,Sunday,3.6
2024-02-18,Tandoori Roti,Bread/Dessert/Beverage,96,40,3840,1344,2496,Sunday,4.4
2024-02-18,Naan,Bread/Dessert/Beverage,77,50,3850,1309,2541,Sunday,4.6
2024-02-18,Gulab Jamun,Bread/Dessert/Beverage,108,80,8640,3564,5076,Sunday,3.7
2024-02-18,Lassi,Bread/Dessert/Beverage,105,90,9450,3570,5880,Sunday,4.3
2024-02-18,Samosa,Bread/Dessert/Beverage,83,60,4980,1743,3237,Sunday,4.9
2024-02-18,Chole Bhature,Main Course,102,160,16320,6936,9384,Sunday,4.5
2024-02-19,Butter Chicken,Main Course,82,320,26240,10660,15580,Monday,4.2
2024-02-19,Paneer Tikka,Main Course,38,280,10640,4674,5966,Monday,4.5
2024-02-19,Biryani,Main Course,95,350,33250,13585,19665,Monday,4.8
2024-02-19,Dal Makhani,Main Course,53,220,11660,3975,7685,Monday,4.7
2024-02-19,Tandoori Roti,Bread/Dessert/Beverage,76,40,3040,988,2052,Monday,4.0
2024-02-19,Naan,Bread/Dessert/Beverage,76,50,3800,1368,2432,Monday,5.0
2024-02-19,Gulab Jamun,Bread/Dessert/Beverage,98,80,7840,3332,4508,Monday,4.6
2024-02-19,Lassi,Bread/Dessert/Beverage,99,90,8910,3663,5247,Monday,4.3
2024-02-19,Samosa,Bread/Dessert/Beverage,89,60,5340,2403,2937,Monday,4.2
2024-02-19,Chole Bhature,Main Course,22,160,3520,1254,2266,Monday,3.7
2024-02-20,Butter Chicken,Main Course,65,320,20800,8710,12090,Tuesday,4.6
2024-02-20,Paneer Tikka,Main Course,94,280,26320,9400,16920,Tuesday,3.5
2024-02-20,Biryani,Main Course,103,350,36050,15347,20703,Tuesday,3.5
2024-02-20,Dal Makhani,Main Course,41,220,9020,3649,5371,Tuesday,5.0
2024-02-20,Tandoori Roti,Bread/Dessert/Beverage,71,40,2840,1065,1775,Tuesday,3.9
2024-02-20,Naan,Bread/Dessert/Beverage,54,50,2700,1080,1620,Tuesday,4.7
2024-02-20,Gulab Jamun,Bread/Dessert/Beverage,94,80,7520,2914,4606,Tuesday,5.0
2024-02-20,Lassi,Bread/Dessert/Beverage,96,90,8640,2688,5952,Tuesday,4.3
2024-02-20,Samosa,Bread/Dessert/Beverage,92,60,5520,2208,3312,Tuesday,4.8
2024-02-20,Chole Bhature,Main Course,59,160,9440,3068,6372,Tuesday,4.7
2024-02-21,Butter Chicken,Main Course,29,320,9280,3567,5713,Wednesday,4.1
2024-02-21,Paneer Tikka,Main Course,117,280,32760,10530,22230,Wednesday,4.8
2024-02-21,Biryani,Main Course,115,350,40250,12995,27255,Wednesday,4.0
2024-02-21,Dal Makhani,Main Course,81,220,17820,6156,11664,Wednesday,4.8
2024-02-21,Tandoori Roti,Bread/Dessert/Beverage,88,40,3520,1408,2112,Wednesday,4.7
2024-02-21,Naan,Bread/Dessert/Beverage,16,50,800,272,528,Wednesday,4.4
2024-02-21,Gulab Jamun,Bread/Dessert/Beverage,11,80,880,341,539,Wednesday,4.7
2024-02-21,Lassi,Bread/Dessert/Beverage,92,90,8280,3588,4692,Wednesday,3.5
2024-02-21,Samosa,Bread/Dessert/Beverage,30,60,1800,720,1080,Wednesday,3.6
2024-02-21,Chole Bhature,Main Course,74,160,11840,4514,7326,Wednesday,3.9
2024-02-22,Butter Chicken,Main Course,118,320,37760,13098,24662,Thursday,4.0
2024-02-22,Paneer Tikka,Main Course,70,280,19600,7700,11900,Thursday,4.0
2024-02-22,Biryani,Main Course,119,350,41650,17017,24633,Thursday,4.1
2024-02-22,Dal Makhani,Main Course,73,220,16060,4964,11096,Thursday,4.7
2024-02-22,Tandoori Roti,Bread/Dessert/Beverage,31,40,1240,434,806,Thursday,4.1
2024-02-22,Naan,Bread/Dessert/Beverage,19,50,950,380,570,Thursday,4.0
2024-02-22,Gulab Jamun,Bread/Dessert/Beverage,106,80,8480,2650,5830,Thursday,4.1
2024-02-22,Lassi,Bread/Dessert/Beverage,72,90,6480,2880,3600,Thursday,4.5
2024-02-22,Samosa,Bread/Dessert/Beverage,51,60,3060,1224,1836,Thursday,4.4
2024-02-22,Chole Bhature,Main Course,40,160,6400,2120,4280,Thursday,4.1
2024-02-23,Butter Chicken,Main Course,52,320,16640,6864,9776,Friday,3.7
2024-02-23,Paneer Tikka,Main Course,45,280,12600,4320,8280,Friday,3.9
2024-02-23,Biryani,Main Course,16,350,5600,2048,3552,Friday,5.0
2024-02-23,Dal Makhani,Main Course,74,220,16280,5032,11248,Friday,4.3
2024-02-23,Tandoori Roti,Bread/Dessert/Beverage,38,40,1520,494,1026,Friday,5.0
2024-02-23,Naan,Bread/Dessert/Beverage,80,50,4000,1280,2720,Friday,4.1
2024-02-23,Gulab Jamun,Bread/Dessert/Beverage,92,80,7360,3036,4324,Friday,4.6
2024-02-23,Lassi,Bread/Dessert/Beverage,58,90,5220,1914,3306,Friday,4.0
2024-02-23,Samosa,Bread/Dessert/Beverage,61,60,3660,1342,2318,Friday,3.9
2024-02-23,Chole Bhature,Main Course,114,160,18240,6042,12198,Friday,4.2
2024-02-24,Butter Chicken,Main Course,40,320,12800,4360,8440,Saturday,3.9
2024-02-24,Paneer Tikka,Main Course,20,280,5600,2240,3360,Saturday,5.0
2024-02-24,Biryani,Main Course,68,350,23800,9316,14484,Saturday,3.6
2024-02-24,Dal Makhani,Main Course,66,220,14520,4488,10032,Saturday,4.9
2024-02-24,Tandoori Roti,Bread/Dessert/Beverage,112,40,4480,1568,2912,Saturday,3.6
2024-02-24,Naan,Bread/Dessert/Beverage,83,50,4150,1577,2573,Saturday,4.4
2024-02-24,Gulab Jamun,Bread/Dessert/Beverage,67,80,5360,2144,3216,Saturday,3.9
2024-02-24,Lassi,Bread/Dessert/Beverage,21,90,1890,567,1323,Saturday,4.9
2024-02-24,Samosa,Bread/Dessert/Beverage,119,60,7140,2380,4760,Saturday,4.5
2024-02-24,Chole Bhature,Main Course,73,160,11680,4745,6935,Saturday,4.4
2024-02-25,Butter Chicken,Main Course,67,320,21440,7437,14003,Sunday,3.9
2024-02-25,Paneer Tikka,Main Course,50,280,14000,5450,8550,Sunday,4.8
2024-02-25,Biryani,Main Course,25,350,8750,3875,4875,Sunday,3.7
2024-02-25,Dal Makhani,Main Course,73,220,16060,5183,10877,Sunday,4.9
2024-02-25,Tandoori Roti,Bread/Dessert/Beverage,105,40,4200,1680,2520,Sunday,4.8
2024-02-25,Naan,Bread/Dessert/Beverage,93,50,4650,1581,3069,Sunday,4.4
2024-02-25,Gulab Jamun,Bread/Dessert/Beverage,12,80,960,384,576,Sunday,4.5
2024-02-25,Lassi,Bread/Dessert/Beverage,23,90,2070,759,1311,Sunday,3.5
2024-02-25,Samosa,Bread/Dessert/Beverage,61,60,3660,1403,2257,Sunday,3.9
2024-02-25,Chole Bhature,Main Course,62,160,9920,3658,6262,Sunday,4.9
2024-02-26,Butter Chicken,Main Course,14,320,4480,1610,2870,Monday,4.8
2024-02-26,Paneer Tikka,Main Course,81,280,22680,7452,15228,Monday,4.5
2024-02-26,Biryani,Main Course,80,350,28000,12480,15520,Monday,3.7
2024-02-26,Dal Makhani,Main Course,10,220,2200,660,1540,Monday,4.2
2024-02-26,Tandoori Roti,Bread/Dessert/Beverage,115,40,4600,1495,3105,Monday,4.6
2024-02-26,Naan,Bread/Dessert/Beverage,21,50,1050,462,588,Monday,4.2
2024-02-26,Gulab Jamun,Bread/Dessert/Beverage,111,80,8880,2997,5883,Monday,4.2
2024-02-26,Lassi,Bread/Dessert/Beverage,87,90,7830,3219,4611,Monday,3.5
2024-02-26,Samosa,Bread/Dessert/Beverage,89,60,5340,2047,3293,Monday,4.4
2024-02-26,Chole Bhature,Main Course,91,160,14560,5733,8827,Monday,3.9
2024-02-27,Butter Chicken,Main Course,48,320,15360,6240,9120,Tuesday,3.6
2024-02-27,Paneer Tikka,Main Course,75,280,21000,6900,14100,Tuesday,4.8
2024-02-27,Biryani,Main Course,81,350,28350,11664,16686,Tuesday,3.5
2024-02-27,Dal Makhani,Main Course,36,220,7920,2664,5256,Tuesday,3.8
2024-02-27,Tandoori Roti,Bread/Dessert/Beverage,93,40,3720,1302,2418,Tuesday,3.9
2024-02-27,Naan,Bread/Dessert/Beverage,95,50,4750,1425,3325,Tuesday,4.2
2024-02-27,Gulab Jamun,Bread/Dessert/Beverage,68,80,5440,2244,3196,Tuesday,4.4
2024-02-27,Lassi,Bread/Dessert/Beverage,53,90,4770,1908,2862,Tuesday,3.6
2024-02-27,Samosa,Bread/Dessert/Beverage,56,60,3360,1512,1848,Tuesday,4.8
2024-02-27,Chole Bhature,Main Course,115,160,18400,7705,10695,Tuesday,4.7
2024-02-28,Butter Chicken,Main Course,16,320,5120,2256,2864,Wednesday,4.3
2024-02-28,Paneer Tikka,Main Course,114,280,31920,10488,21432,Wednesday,4.4
2024-02-28,Biryani,Main Course,38,350,13300,5472,7828,Wednesday,4.6
2024-02-28,Dal Makhani,Main Course,118,220,25960,9794,16166,Wednesday,3.6
2024-02-28,Tandoori Roti,Bread/Dessert/Beverage,68,40,2720,952,1768,Wednesday,4.9
2024-02-28,Naan,Bread/Dessert/Beverage,52,50,2600,988,1612,Wednesday,4.3
2024-02-28,Gulab Jamun,Bread/Dessert/Beverage,81,80,6480,2187,4293,Wednesday,4.1
2024-02-28,Lassi,Bread/Dessert/Beverage,108,90,9720,4212,5508,Wednesday,4.5
2024-02-28,Samosa,Bread/Dessert/Beverage,89,60,5340,2225,3115,Wednesday,4.2
2024-02-28,Chole Bhature,Main Course,86,160,13760,5418,8342,Wednesday,3.9
2024-02-29,Butter Chicken,Main Course,70,320,22400,9100,13300,Thursday,4.1
2024-02-29,Paneer Tikka,Main Course,101,280,28280,10403,17877,Thursday,4.5
2024-02-29,Biryani,Main Course,94,350,32900,14476,18424,Thursday,3.6
2024-02-29,Dal Makhani,Main Course,56,220,12320,5208,7112,Thursday,3.9
2024-02-29,Tandoori Roti,Bread/Dessert/Beverage,101,40,4040,1515,2525,Thursday,3.5
2024-02-29,Naan,Bread/Dessert/Beverage,67,50,3350,1139,2211,Thursday,4.3
2024-02-29,Gulab Jamun,Bread/Dessert/Beverage,24,80,1920,600,1320,Thursday,4.2
2024-02-29,Lassi,Bread/Dessert/Beverage,22,90,1980,880,1100,Thursday,3.7
2024-02-29,Samosa,Bread/Dessert/Beverage,107,60,6420,2675,3745,Thursday,4.1
2024-02-29,Chole Bhature,Main Course,94,160,15040,6016,9024,Thursday,3.9
2024-03-01,Butter Chicken,Main Course,38,320,12160,3952,8208,Friday,3.7
2024-03-01,Paneer Tikka,Main Course,10,280,2800,870,1930,Friday,3.8
2024-03-01,Biryani,Main Course,53,350,18550,7420,11130,Friday,4.8
2024-03-01,Dal Makhani,Main Course,55,220,12100,5115,6985,Friday,4.5
2024-03-01,Tandoori Roti,Bread/Dessert/Beverage,116,40,4640,1508,3132,Friday,3.9
2024-03-01,Naan,Bread/Dessert/Beverage,91,50,4550,1547,3003,Friday,3.9
2024-03-01,Gulab Jamun,Bread/Dessert/Beverage,112,80,8960,3360,5600,Friday,4.3
2024-03-01,Lassi,Bread/Dessert/Beverage,47,90,4230,1504,2726,Friday,4.0
2024-03-01,Samosa,Bread/Dessert/Beverage,80,60,4800,2000,2800,Friday,4.7
2024-03-01,Chole Bhature,Main Course,76,160,12160,4180,7980,Friday,4.9
2024-03-02,Butter Chicken,Main Course,57,320,18240,8094,10146,Saturday,4.0
2024-03-02,Paneer Tikka,Main Course,99,280,27720,9801,17919,Saturday,4.3
2024-03-02,Biryani,Main Course,23,350,8050,3542,4508,Saturday,4.8
2024-03-02,Dal Makhani,Main Course,15,220,3300,1035,2265,Saturday,4.1
2024-03-02,Tandoori Roti,Bread/Dessert/Beverage,31,40,1240,465,775,Saturday,4.3
2024-03-02,Naan,Bread/Dessert/Beverage,73,50,3650,1168,2482,Saturday,4.8
2024-03-02,Gulab Jamun,Bread/Dessert/Beverage,27,80,2160,864,1296,Saturday,4.8
2024-03-02,Lassi,Bread/Dessert/Beverage,115,90,10350,4485,5865,Saturday,4.6
2024-03-02,Samosa,Bread/Dessert/Beverage,101,60,6060,2222,3838,Saturday,4.4
2024-03-02,Chole Bhature,Main Course,105,160,16800,5460,11340,Saturday,4.5
2024-03-03,Butter Chicken,Main Course,102,320,32640,10710,21930,Sunday,4.5
2024-03-03,Paneer Tikka,Main Course,62,280,17360,5828,11532,Sunday,3.7
2024-03-03,Biryani,Main Course,23,350,8050,2622,5428,Sunday,3.5
2024-03-03,Dal Makhani,Main Course,42,220,9240,3780,5460,Sunday,4.6
2024-03-03,Tandoori Roti,Bread/Dessert/Beverage,88,40,3520,1320,2200,Sunday,3.7
2024-03-03,Naan,Bread/Dessert/Beverage,35,50,1750,560,1190,Sunday,3.5
2024-03-03,Gulab Jamun,Bread/Dessert/Beverage,34,80,2720,884,1836,Sunday,4.8
2024-03-03,Lassi,Bread/Dessert/Beverage,25,90,2250,750,1500,Sunday,4.0
2024-03-03,Samosa,Bread/Dessert/Beverage,119,60,7140,2261,4879,Sunday,3.8
2024-03-03,Chole Bhature,Main Course,60,160,9600,3600,6000,Sunday,4.4
2024-03-04,Butter Chicken,Main Course,37,320,11840,3996,7844,Monday,3.6
2024-03-04,Paneer Tikka,Main Course,68,280,19040,6800,12240,Monday,3.9
2024-03-04,Biryani,Main Course,115,350,40250,13455,26795,Monday,4.9
2024-03-04,Dal Makhani,Main Course,110,220,24200,9460,14740,Monday,4.3
2024-03-04,Tandoori Roti,Bread/Dessert/Beverage,34,40,1360,476,884,Monday,4.1
2024-03-04,Naan,Bread/Dessert/Beverage,101,50,5050,1919,3131,Monday,4.5
2024-03-04,Gulab Jamun,Bread/Dessert/Beverage,53,80,4240,1696,2544,Monday,3.8
2024-03-04,Lassi,Bread/Dessert/Beverage,23,90,2070,782,1288,Monday,4.1
2024-03-04,Samosa,Bread/Dessert/Beverage,106,60,6360,2756,3604,Monday,4.4
2024-03-04,Chole Bhature,Main Course,63,160,10080,3843,6237,Monday,3.7
2024-03-05,Butter Chicken,Main Course,15,320,4800,1875,2925,Tuesday,3.7
2024-03-05,Paneer Tikka,Main Course,91,280,25480,8918,16562,Tuesday,3.7
2024-03-05,Biryani,Main Course,117,350,40950,16497,24453,Tuesday,3.8
2024-03-05,Dal Makhani,Main Course,96,220,21120,7584,13536,Tuesday,4.8
2024-03-05,Tandoori Roti,Bread/Dessert/Beverage,85,40,3400,1105,2295,Tuesday,4.3
2024-03-05,Naan,Bread/Dessert/Beverage,25,50,1250,450,800,Tuesday,3.5
2024-03-05,Gulab Jamun,Bread/Dessert/Beverage,108,80,8640,3672,4968,Tuesday,3.6
2024-03-05,Lassi,Bread/Dessert/Beverage,67,90,6030,2211,3819,Tuesday,4.3
2024-03-05,Samosa,Bread/Dessert/Beverage,68,60,4080,1632,2448,Tuesday,4.5
2024-03-05,Chole Bhature,Main Course,94,160,15040,5076,9964,Tuesday,3.5
2024-03-06,Butter Chicken,Main Course,85,320,27200,11135,16065,Wednesday,4.3
2024-03-06,Paneer Tikka,Main Course,74,280,20720,8806,11914,Wednesday,4.7
2024-03-06,Biryani,Main Course,27,350,9450,4023,5427,Wednesday,4.2
2024-03-06,Dal Makhani,Main Course,73,220,16060,5621,10439,Wednesday,4.7
2024-03-06,Tandoori Roti,Bread/Dessert/Beverage,10,40,400,150,250,Wednesday,3.8
2024-03-06,Naan,Bread/Dessert/Beverage,77,50,3850,1617,2233,Wednesday,4.8
2024-03-06,Gulab Jamun,Bread/Dessert/Beverage,104,80,8320,3120,5200,Wednesday,3.6
2024-03-06,Lassi,Bread/Dessert/Beverage,16,90,1440,512,928,Wednesday,4.7
2024-03-06,Samosa,Bread/Dessert/Beverage,80,60,4800,2080,2720,Wednesday,3.8
2024-03-06,Chole Bhature,Main Course,65,160,10400,3250,7150,Wednesday,4.8
2024-03-07,Butter Chicken,Main Course,117,320,37440,13455,23985,Thursday,4.3
2024-03-07,Paneer Tikka,Main Course,84,280,23520,10500,13020,Thursday,3.6
2024-03-07,Biryani,Main Course,71,350,24850,9869,14981,Thursday,3.6
2024-03-07,Dal Makhani,Main Course,75,220,16500,5850,10650,Thursday,4.7
2024-03-07,Tandoori Roti,Bread/Dessert/Beverage,109,40,4360,1635,2725,Thursday,5.0
2024-03-07,Naan,Bread/Dessert/Beverage,32,50,1600,608,992,Thursday,4.0
2024-03-07,Gulab Jamun,Bread/Dessert/Beverage,98,80,7840,2646,5194,Thursday,4.0
2024-03-07,Lassi,Bread/Dessert/Beverage,84,90,7560,2688,4872,Thursday,3.6
2024-03-07,Samosa,Bread/Dessert/Beverage,32,60,1920,672,1248,Thursday,4.2
2024-03-07,Chole Bhature,Main Course,103,160,16480,6695,9785,Thursday,4.5
2024-03-08,Butter Chicken,Main Course,114,320,36480,14820,21660,Friday,3.5
2024-03-08,Paneer Tikka,Main Course,26,280,7280,2418,4862,Friday,4.5
2024-03-08,Biryani,Main Course,23,350,8050,2990,5060,Friday,3.5
2024-03-08,Dal Makhani,Main Course,59,220,12980,5487,7493,Friday,4.7
2024-03-08,Tandoori Roti,Bread/Dessert/Beverage,94,40,3760,1410,2350,Friday,3.6
2024-03-08,Naan,Bread/Dessert/Beverage,86,50,4300,1806,2494,Friday,4.4
2024-03-08,Gulab Jamun,Bread/Dessert/Beverage,87,80,6960,2871,4089,Friday,4.6
2024-03-08,Lassi,Bread/Dessert/Beverage,51,90,4590,1938,2652,Friday,4.3
2024-03-08,Samosa,Bread/Dessert/Beverage,74,60,4440,1406,3034,Friday,4.5
2024-03-08,Chole Bhature,Main Course,59,160,9440,3717,5723,Friday,4.6
2024-03-09,Butter Chicken,Main Course,63,320,20160,6552,13608,Saturday,3.8
2024-03-09,Paneer Tikka,Main Course,87,280,24360,10527,13833,Saturday,4.6
2024-03-09,Biryani,Main Course,98,350,34300,14994,19306,Saturday,4.6
2024-03-09,Dal Makhani,Main Course,107,220,23540,9202,14338,Saturday,4.5
2024-03-09,Tandoori Roti,Bread/Dessert/Beverage,41,40,1640,697,943,Saturday,4.4
2024-03-09,Naan,Bread/Dessert/Beverage,45,50,2250,900,1350,Saturday,3.7
2024-03-09,Gulab Jamun,Bread/Dessert/Beverage,60,80,4800,1800,3000,Saturday,4.6
2024-03-09,Lassi,Bread/Dessert/Beverage,53,90,4770,1643,3127,Saturday,3.8
2024-03-09,Samosa,Bread/Dessert/Beverage,47,60,2820,987,1833,Saturday,3.9
2024-03-09,Chole Bhature,Main Course,67,160,10720,3551,7169,Saturday,4.1
2024-03-10,Butter Chicken,Main Course,113,320,36160,15820,20340,Sunday,4.3
2024-03-10,Paneer Tikka,Main Course,27,280,7560,2484,5076,Sunday,3.6
2024-03-10,Biryani,Main Course,27,350,9450,3834,5616,Sunday,4.1
2024-03-10,Dal Makhani,Main Course,62,220,13640,5766,7874,Sunday,4.5
2024-03-10,Tandoori Roti,Bread/Dessert/Beverage,87,40,3480,1479,2001,Sunday,3.9
2024-03-10,Naan,Bread/Dessert/Beverage,99,50,4950,1980,2970,Sunday,3.9
2024-03-10,Gulab Jamun,Bread/Dessert/Beverage,105,80,8400,3675,4725,Sunday,4.5
2024-03-10,Lassi,Bread/Dessert/Beverage,75,90,6750,2325,4425,Sunday,3.9
2024-03-10,Samosa,Bread/Dessert/Beverage,48,60,2880,960,1920,Sunday,4.5
2024-03-10,Chole Bhature,Main Course,117,160,18720,6201,12519,Sunday,4.4
2024-03-11,Butter Chicken,Main Course,99,320,31680,10791,20889,Monday,4.5
2024-03-11,Paneer Tikka,Main Course,80,280,22400,9440,12960,Monday,4.7
2024-03-11,Biryani,Main Course,120,350,42000,17400,24600,Monday,3.8
2024-03-11,Dal Makhani,Main Course,50,220,11000,3450,7550,Monday,4.5
2024-03-11,Tandoori Roti,Bread/Dessert/Beverage,101,40,4040,1414,2626,Monday,4.1
2024-03-11,Naan,Bread/Dessert/Beverage,104,50,5200,1560,3640,Monday,3.9
2024-03-11,Gulab Jamun,Bread/Dessert/Beverage,80,80,6400,1920,4480,Monday,4.8
2024-03-11,Lassi,Bread/Dessert/Beverage,90,90,8100,2700,5400,Monday,4.3
2024-03-11,Samosa,Bread/Dessert/Beverage,37,60,2220,666,1554,Monday,4.5
2024-03-11,Chole Bhature,Main Course,35,160,5600,1960,3640,Monday,4.8
2024-03-12,Butter Chicken,Main Course,36,320,11520,5004,6516,Tuesday,4.0
2024-03-12,Paneer Tikka,Main Course,89,280,24920,10858,14062,Tuesday,5.0
2024-03-12,Biryani,Main Course,101,350,35350,14948,20402,Tuesday,4.8
2024-03-12,Dal Makhani,Main Course,47,220,10340,3478,6862,Tuesday,4.4
2024-03-12,Tandoori Roti,Bread/Dessert/Beverage,97,40,3880,1164,2716,Tuesday,3.6
2024-03-12,Naan,Bread/Dessert/Beverage,54,50,2700,1188,1512,Tuesday,4.0
2024-03-12,Gulab Jamun,Bread/Dessert/Beverage,96,80,7680,3168,4512,Tuesday,4.7
2024-03-12,Lassi,Bread/Dessert/Beverage,26,90,2340,1014,1326,Tuesday,5.0
2024-03-12,Samosa,Bread/Dessert/Beverage,100,60,6000,2000,4000,Tuesday,3.6
2024-03-12,Chole Bhature,Main Course,93,160,14880,5394,9486,Tuesday,3.7
2024-03-13,Butter Chicken,Main Course,32,320,10240,3104,7136,Wednesday,4.0
2024-03-13,Paneer Tikka,Main Course,74,280,20720,8658,12062,Wednesday,4.3
2024-03-13,Biryani,Main Course,79,350,27650,9559,18091,Wednesday,4.5
2024-03-13,Dal Makhani,Main Course,98,220,21560,7252,14308,Wednesday,3.5
2024-03-13,Tandoori Roti,Bread/Dessert/Beverage,91,40,3640,1547,2093,Wednesday,4.4
2024-03-13,Naan,Bread/Dessert/Beverage,51,50,2550,1071,1479,Wednesday,3.6
2024-03-13,Gulab Jamun,Bread/Dessert/Beverage,100,80,8000,3400,4600,Wednesday,4.4
2024-03-13,Lassi,Bread/Dessert/Beverage,24,90,2160,840,1320,Wednesday,4.4
2024-03-13,Samosa,Bread/Dessert/Beverage,107,60,6420,2782,3638,Wednesday,4.4
2024-03-13,Chole Bhature,Main Course,55,160,8800,3410,5390,Wednesday,5.0
2024-03-14,Butter Chicken,Main Course,81,320,25920,10692,15228,Thursday,4.2
2024-03-14,Paneer Tikka,Main Course,71,280,19880,8094,11786,Thursday,4.1
2024-03-14,Biryani,Main Course,84,350,29400,9828,19572,Thursday,4.4
2024-03-14,Dal Makhani,Main Course,83,220,18260,8051,10209,Thursday,4.9
2024-03-14,Tandoori Roti,Bread/Dessert/Beverage,95,40,3800,1330,2470,Thursday,4.3
2024-03-14,Naan,Bread/Dessert/Beverage,100,50,5000,1700,3300,Thursday,5.0
2024-03-14,Gulab Jamun,Bread/Dessert/Beverage,63,80,5040,2268,2772,Thursday,4.5
2024-03-14,Lassi,Bread/Dessert/Beverage,96,90,8640,3648,4992,Thursday,4.6
2024-03-14,Samosa,Bread/Dessert/Beverage,105,60,6300,2415,3885,Thursday,3.6
2024-03-14,Chole Bhature,Main Course,117,160,18720,6903,11817,Thursday,4.5
2024-03-15,Butter Chicken,Main Course,78,320,24960,10062,14898,Friday,4.1
2024-03-15,Paneer Tikka,Main Course,46,280,12880,5704,7176,Friday,3.8
2024-03-15,Biryani,Main Course,118,350,41300,15458,25842,Friday,4.5
2024-03-15,Dal Makhani,Main Course,64,220,14080,5696,8384,Friday,4.5
2024-03-15,Tandoori Roti,Bread/Dessert/Beverage,113,40,4520,1582,2938,Friday,3.7
2024-03-15,Naan,Bread/Dessert/Beverage,11,50,550,220,330,Friday,4.4
2024-03-15,Gulab Jamun,Bread/Dessert/Beverage,76,80,6080,1976,4104,Friday,4.6
2024-03-15,Lassi,Bread/Dessert/Beverage,23,90,2070,759,1311,Friday,4.5
2024-03-15,Samosa,Bread/Dessert/Beverage,13,60,780,338,442,Friday,3.8
2024-03-15,Chole Bhature,Main Course,58,160,9280,2784,6496,Friday,4.7
2024-03-16,Butter Chicken,Main Course,28,320,8960,3500,5460,Saturday,4.5
2024-03-16,Paneer Tikka,Main Course,16,280,4480,1904,2576,Saturday,4.7
2024-03-16,Biryani,Main Course,95,350,33250,14725,18525,Saturday,4.3
2024-03-16,Dal Makhani,Main Course,17,220,3740,1394,2346,Saturday,4.1
2024-03-16,Tandoori Roti,Bread/Dessert/Beverage,35,40,1400,455,945,Saturday,4.4
2024-03-16,Naan,Bread/Dessert/Beverage,44,50,2200,748,1452,Saturday,4.9
2024-03-16,Gulab Jamun,Bread/Dessert/Beverage,106,80,8480,3286,5194,Saturday,4.4
2024-03-16,Lassi,Bread/Dessert/Beverage,110,90,9900,3520,6380,Saturday,3.6
2024-03-16,Samosa,Bread/Dessert/Beverage,30,60,1800,540,1260,Saturday,4.1
2024-03-16,Chole Bhature,Main Course,46,160,7360,2300,5060,Saturday,4.4
2024-03-17,Butter Chicken,Main Course,97,320,31040,13386,17654,Sunday,4.8
2024-03-17,Paneer Tikka,Main Course,42,280,11760,4704,7056,Sunday,3.8
2024-03-17,Biryani,Main Course,28,350,9800,4200,5600,Sunday,4.8
2024-03-17,Dal Makhani,Main Course,117,220,25740,8424,17316,Sunday,4.6
2024-03-17,Tandoori Roti,Bread/Dessert/Beverage,17,40,680,238,442,Sunday,4.7
2024-03-17,Naan,Bread/Dessert/Beverage,98,50,4900,2156,2744,Sunday,3.5
2024-03-17,Gulab Jamun,Bread/Dessert/Beverage,110,80,8800,3850,4950,Sunday,4.4
2024-03-17,Lassi,Bread/Dessert/Beverage,47,90,4230,1880,2350,Sunday,4.2
2024-03-17,Samosa,Bread/Dessert/Beverage,36,60,2160,936,1224,Sunday,3.6
2024-03-17,Chole Bhature,Main Course,106,160,16960,5936,11024,Sunday,3.6
2024-03-18,Butter Chicken,Main Course,79,320,25280,11297,13983,Monday,4.7
2024-03-18,Paneer Tikka,Main Course,14,280,3920,1680,2240,Monday,4.9
2024-03-18,Biryani,Main Course,55,350,19250,5995,13255,Monday,4.1
2024-03-18,Dal Makhani,Main Course,114,220,25080,7752,17328,Monday,3.8
2024-03-18,Tandoori Roti,Bread/Dessert/Beverage,67,40,2680,871,1809,Monday,4.2
2024-03-18,Naan,Bread/Dessert/Beverage,23,50,1150,391,759,Monday,3.7
2024-03-18,Gulab Jamun,Bread/Dessert/Beverage,88,80,7040,2288,4752,Monday,3.7
2024-03-18,Lassi,Bread/Dessert/Beverage,96,90,8640,3840,4800,Monday,4.6
2024-03-18,Samosa,Bread/Dessert/Beverage,104,60,6240,2808,3432,Monday,4.2
2024-03-18,Chole Bhature,Main Course,81,160,12960,4455,8505,Monday,4.7
2024-03-19,Butter Chicken,Main Course,120,320,38400,13440,24960,Tuesday,3.9
2024-03-19,Paneer Tikka,Main Course,38,280,10640,3572,7068,Tuesday,3.7
2024-03-19,Biryani,Main Course,105,350,36750,12390,24360,Tuesday,4.0
2024-03-19,Dal Makhani,Main Course,92,220,20240,8096,12144,Tuesday,3.6
2024-03-19,Tandoori Roti,Bread/Dessert/Beverage,81,40,3240,1053,2187,Tuesday,4.7
2024-03-19,Naan,Bread/Dessert/Beverage,59,50,2950,944,2006,Tuesday,4.0
2024-03-19,Gulab Jamun,Bread/Dessert/Beverage,40,80,3200,1360,1840,Tuesday,3.7
2024-03-19,Lassi,Bread/Dessert/Beverage,75,90,6750,2100,4650,Tuesday,4.2
2024-03-19,Samosa,Bread/Dessert/Beverage,110,60,6600,2310,4290,Tuesday,4.3
2024-03-19,Chole Bhature,Main Course,111,160,17760,7437,10323,Tuesday,3.7
2024-03-20,Butter Chicken,Main Course,112,320,35840,13888,21952,Wednesday,4.3
2024-03-20,Paneer Tikka,Main Course,99,280,27720,8910,18810,Wednesday,4.4
2024-03-20,Biryani,Main Course,46,350,16100,5474,10626,Wednesday,4.2
2024-03-20,Dal Makhani,Main Course,98,220,21560,6762,14798,Wednesday,4.2
2024-03-20,Tandoori Roti,Bread/Dessert/Beverage,95,40,3800,1330,2470,Wednesday,4.7
2024-03-20,Naan,Bread/Dessert/Beverage,16,50,800,240,560,Wednesday,4.1
2024-03-20,Gulab Jamun,Bread/Dessert/Beverage,58,80,4640,1740,2900,Wednesday,4.6
2024-03-20,Lassi,Bread/Dessert/Beverage,59,90,5310,2065,3245,Wednesday,4.5
2024-03-20,Samosa,Bread/Dessert/Beverage,63,60,3780,1575,2205,Wednesday,4.8
2024-03-20,Chole Bhature,Main Course,110,160,17600,6160,11440,Wednesday,4.3
2024-03-21,Butter Chicken,Main Course,97,320,31040,13192,17848,Thursday,5.0
2024-03-21,Paneer Tikka,Main Course,50,280,14000,6050,7950,Thursday,4.1
2024-03-21,Biryani,Main Course,80,350,28000,9200,18800,Thursday,4.2
2024-03-21,Dal Makhani,Main Course,16,220,3520,1440,2080,Thursday,4.2
2024-03-21,Tandoori Roti,Bread/Dessert/Beverage,11,40,440,165,275,Thursday,4.8
2024-03-21,Naan,Bread/Dessert/Beverage,105,50,5250,1890,3360,Thursday,4.8
2024-03-21,Gulab Jamun,Bread/Dessert/Beverage,42,80,3360,1218,2142,Thursday,4.0
2024-03-21,Lassi,Bread/Dessert/Beverage,35,90,3150,1155,1995,Thursday,4.6
2024-03-21,Samosa,Bread/Dessert/Beverage,89,60,5340,1691,3649,Thursday,3.8
2024-03-21,Chole Bhature,Main Course,109,160,17440,7739,9701,Thursday,3.8
2024-03-22,Butter Chicken,Main Course,120,320,38400,14760,23640,Friday,4.4
2024-03-22,Paneer Tikka,Main Course,66,280,18480,6930,11550,Friday,4.5
2024-03-22,Biryani,Main Course,116,350,40600,13572,27028,Friday,4.3
2024-03-22,Dal Makhani,Main Course,38,220,8360,2964,5396,Friday,4.5
2024-03-22,Tandoori Roti,Bread/Dessert/Beverage,91,40,3640,1183,2457,Friday,4.4
2024-03-22,Naan,Bread/Dessert/Beverage,100,50,5000,1600,3400,Friday,3.9
2024-03-22,Gulab Jamun,Bread/Dessert/Beverage,100,80,8000,2700,5300,Friday,3.8
2024-03-22,Lassi,Bread/Dessert/Beverage,92,90,8280,3496,4784,Friday,3.9
2024-03-22,Samosa,Bread/Dessert/Beverage,57,60,3420,1482,1938,Friday,5.0
2024-03-22,Chole Bhature,Main Course,106,160,16960,6572,10388,Friday,3.7
2024-03-23,Butter Chicken,Main Course,85,320,27200,9690,17510,Saturday,4.7
2024-03-23,Paneer Tikka,Main Course,79,280,22120,7821,14299,Saturday,3.6
2024-03-23,Biryani,Main Course,104,350,36400,13936,22464,Saturday,4.8
2024-03-23,Dal Makhani,Main Course,87,220,19140,8004,11136,Saturday,3.8
2024-03-23,Tandoori Roti,Bread/Dessert/Beverage,35,40,1400,560,840,Saturday,3.8
2024-03-23,Naan,Bread/Dessert/Beverage,109,50,5450,1853,3597,Saturday,4.8
2024-03-23,Gulab Jamun,Bread/Dessert/Beverage,102,80,8160,2754,5406,Saturday,3.9
2024-03-23,Lassi,Bread/Dessert/Beverage,34,90,3060,918,2142,Saturday,4.8
2024-03-23,Samosa,Bread/Dessert/Beverage,47,60,2820,1175,1645,Saturday,4.4
2024-03-23,Chole Bhature,Main Course,67,160,10720,4422,6298,Saturday,3.7
2024-03-24,Butter Chicken,Main Course,32,320,10240,3776,6464,Sunday,4.0
2024-03-24,Paneer Tikka,Main Course,97,280,27160,8536,18624,Sunday,4.2
2024-03-24,Biryani,Main Course,19,350,6650,2907,3743,Sunday,3.6
2024-03-24,Dal Makhani,Main Course,33,220,7260,2508,4752,Sunday,3.8
2024-03-24,Tandoori Roti,Bread/Dessert/Beverage,32,40,1280,416,864,Sunday,4.9
2024-03-24,Naan,Bread/Dessert/Beverage,104,50,5200,1976,3224,Sunday,4.2
2024-03-24,Gulab Jamun,Bread/Dessert/Beverage,75,80,6000,2475,3525,Sunday,3.7
2024-03-24,Lassi,Bread/Dessert/Beverage,25,90,2250,850,1400,Sunday,4.1
2024-03-24,Samosa,Bread/Dessert/Beverage,58,60,3480,1334,2146,Sunday,5.0
2024-03-24,Chole Bhature,Main Course,15,160,2400,990,1410,Sunday,4.1
2024-03-25,Butter Chicken,Main Course,64,320,20480,8704,11776,Monday,3.8
2024-03-25,Paneer Tikka,Main Course,45,280,12600,3825,8775,Monday,3.8
2024-03-25,Biryani,Main Course,81,350,28350,9963,18387,Monday,4.3
2024-03-25,Dal Makhani,Main Course,43,220,9460,3698,5762,Monday,4.9
2024-03-25,Tandoori Roti,Bread/Dessert/Beverage,26,40,1040,390,650,Monday,4.3
2024-03-25,Naan,Bread/Dessert/Beverage,30,50,1500,450,1050,Monday,3.6
2024-03-25,Gulab Jamun,Bread/Dessert/Beverage,84,80,6720,2604,4116,Monday,4.2
2024-03-25,Lassi,Bread/Dessert/Beverage,118,90,10620,4484,6136,Monday,3.7
2024-03-25,Samosa,Bread/Dessert/Beverage,42,60,2520,756,1764,Monday,4.2
2024-03-25,Chole Bhature,Main Course,10,160,1600,540,1060,Monday,3.6
2024-03-26,Butter Chicken,Main Course,52,320,16640,6812,9828,Tuesday,3.7
2024-03-26,Paneer Tikka,Main Course,69,280,19320,7590,11730,Tuesday,3.9
2024-03-26,Biryani,Main Course,100,350,35000,11400,23600,Tuesday,4.1
2024-03-26,Dal Makhani,Main Course,29,220,6380,2668,3712,Tuesday,4.1
2024-03-26,Tandoori Roti,Bread/Dessert/Beverage,15,40,600,255,345,Tuesday,3.7
2024-03-26,Naan,Bread/Dessert/Beverage,29,50,1450,609,841,Tuesday,3.9
2024-03-26,Gulab Jamun,Bread/Dessert/Beverage,51,80,4080,1632,2448,Tuesday,4.3
2024-03-26,Lassi,Bread/Dessert/Beverage,86,90,7740,3440,4300,Tuesday,4.1
2024-03-26,Samosa,Bread/Dessert/Beverage,16,60,960,304,656,Tuesday,3.5
2024-03-26,Chole Bhature,Main Course,109,160,17440,7412,10028,Tuesday,4.3
2024-03-27,Butter Chicken,Main Course,90,320,28800,11970,16830,Wednesday,3.9
2024-03-27,Paneer Tikka,Main Course,88,280,24640,8624,16016,Wednesday,3.5
2024-03-27,Biryani,Main Course,117,350,40950,18135,22815,Wednesday,4.5
2024-03-27,Dal Makhani,Main Course,94,220,20680,9118,11562,Wednesday,3.9
2024-03-27,Tandoori Roti,Bread/Dessert/Beverage,48,40,1920,768,1152,Wednesday,4.5
2024-03-27,Naan,Bread/Dessert/Beverage,72,50,3600,1224,2376,Wednesday,4.8
2024-03-27,Gulab Jamun,Bread/Dessert/Beverage,111,80,8880,3885,4995,Wednesday,4.8
2024-03-27,Lassi,Bread/Dessert/Beverage,83,90,7470,3071,4399,Wednesday,3.9
2024-03-27,Samosa,Bread/Dessert/Beverage,80,60,4800,1680,3120,Wednesday,4.9
2024-03-27,Chole Bhature,Main Course,55,160,8800,2640,6160,Wednesday,4.6
2024-03-28,Butter Chicken,Main Course,19,320,6080,2470,3610,Thursday,4.4
2024-03-28,Paneer Tikka,Main Course,110,280,30800,13860,16940,Thursday,4.0
2024-03-28,Biryani,Main Course,100,350,35000,12300,22700,Thursday,3.6
2024-03-28,Dal Makhani,Main Course,50,220,11000,4050,6950,Thursday,3.9
2024-03-28,Tandoori Roti,Bread/Dessert/Beverage,77,40,3080,1078,2002,Thursday,4.8
2024-03-28,Naan,Bread/Dessert/Beverage,38,50,1900,836,1064,Thursday,3.8
2024-03-28,Gulab Jamun,Bread/Dessert/Beverage,33,80,2640,924,1716,Thursday,4.9
2024-03-28,Lassi,Bread/Dessert/Beverage,76,90,6840,2128,4712,Thursday,3.6
2024-03-28,Samosa,Bread/Dessert/Beverage,18,60,1080,342,738,Thursday,4.4
2024-03-28,Chole Bhature,Main Course,110,160,17600,5720,11880,Thursday,5.0
2024-03-29,Butter Chicken,Main Course,74,320,23680,8658,15022,Friday,4.3
2024-03-29,Paneer Tikka,Main Course,30,280,8400,2820,5580,Friday,4.2
2024-03-29,Biryani,Main Course,63,350,22050,8820,13230,Friday,4.6
2024-03-29,Dal Makhani,Main Course,79,220,17380,7189,10191,Friday,4.4
2024-03-29,Tandoori Roti,Bread/Dessert/Beverage,78,40,3120,1326,1794,Friday,4.7
2024-03-29,Naan,Bread/Dessert/Beverage,61,50,3050,1281,1769,Friday,3.6
2024-03-29,Gulab Jamun,Bread/Dessert/Beverage,21,80,1680,504,1176,Friday,3.8
2024-03-29,Lassi,Bread/Dessert/Beverage,54,90,4860,1944,2916,Friday,4.1
2024-03-29,Samosa,Bread/Dessert/Beverage,38,60,2280,836,1444,Friday,4.8
2024-03-29,Chole Bhature,Main Course,37,160,5920,2553,3367,Friday,4.9
2024-03-30,Butter Chicken,Main Course,94,320,30080,10434,19646,Saturday,4.5
2024-03-30,Paneer Tikka,Main Course,52,280,14560,4940,9620,Saturday,3.8
2024-03-30,Biryani,Main Course,52,350,18200,5980,12220,Saturday,4.0
2024-03-30,Dal Makhani,Main Course,56,220,12320,4480,7840,Saturday,4.7
2024-03-30,Tandoori Roti,Bread/Dessert/Beverage,47,40,1880,611,1269,Saturday,4.6
2024-03-30,Naan,Bread/Dessert/Beverage,37,50,1850,703,1147,Saturday,3.9
2024-03-30,Gulab Jamun,Bread/Dessert/Beverage,106,80,8480,3180,5300,Saturday,3.9
2024-03-30,Lassi,Bread/Dessert/Beverage,89,90,8010,3115,4895,Saturday,4.2
2024-03-30,Samosa,Bread/Dessert/Beverage,77,60,4620,1463,3157,Saturday,3.7
2024-03-30,Chole Bhature,Main Course,70,160,11200,4270,6930,Saturday,4.9
