Date,Product,Region,Units_Sold,Revenue,Cost,Profit,Profit_Margin_Pct,Category
2023-01-01,Laptop,Hyderabad,61,3965000,2197838,1767162,44.6,Computing
2023-01-01,Laptop,Chennai,234,15210000,10854620,4355380,28.6,Computing
2023-01-01,Laptop,Mumbai,356,23140000,16015579,7124421,30.8,Computing
2023-01-01,Laptop,Bangalore,318,20670000,13814084,6855916,33.2,Computing
2023-01-01,Smartphone,Hyderabad,124,3100000,1920518,1179482,38.0,Mobile & Audio
2023-01-01,Smartphone,Chennai,362,9050000,5244113,3805887,42.1,Mobile & Audio
2023-01-01,Smartphone,Bangalore,386,9650000,5564135,4085865,42.3,Mobile & Audio
2023-01-01,Smartphone,Delhi,180,4500000,2666436,1833564,40.7,Mobile & Audio
2023-01-01,Headphones,Delhi,363,1270500,817400,453100,35.7,Mobile & Audio
2023-01-01,Headphones,Bangalore,350,1225000,822565,402435,32.9,Mobile & Audio
2023-01-01,Headphones,Pune,173,605500,400982,204518,33.8,Mobile & Audio
2023-01-01,Headphones,Mumbai,254,889000,531256,357744,40.2,Mobile & Audio
2023-01-01,Tablet,Bangalore,338,11830000,8426830,3403170,28.8,Mobile & Audio
2023-01-01,Tablet,Mumbai,308,10780000,7281270,3498730,32.5,Mobile & Audio
2023-01-01,Tablet,Hyderabad,71,2485000,1600937,884063,35.6,Mobile & Audio
2023-01-01,Tablet,Delhi,57,1995000,1304715,690285,34.6,Mobile & Audio
2023-01-01,Smartwatch,Hyderabad,497,7455000,4632030,2822970,37.9,Mobile & Audio
2023-01-01,Smartwatch,Delhi,198,2970000,1758579,1211421,40.8,Mobile & Audio
2023-01-01,Smartwatch,Bangalore,471,7065000,4313291,2751709,38.9,Mobile & Audio
2023-01-01,Smartwatch,Mumbai,55,825000,560038,264962,32.1,Mobile & Audio
2023-01-01,Keyboard,Delhi,244,610000,336993,273007,44.8,Computing
2023-01-01,Keyboard,Bangalore,446,1115000,635252,479748,43.0,Computing
2023-01-01,Keyboard,Hyderabad,298,745000,415576,329424,44.2,Computing
2023-01-01,Keyboard,Mumbai,380,950000,529078,420922,44.3,Computing
2023-01-01,Mouse,Bangalore,438,525600,365517,160083,30.5,Computing
2023-01-01,Mouse,Hyderabad,303,363600,243474,120126,33.0,Computing
2023-01-01,Mouse,Mumbai,173,207600,130915,76685,36.9,Computing
2023-01-01,Mouse,Chennai,497,596400,337939,258461,43.3,Computing
2023-01-01,Monitor,Chennai,79,1422000,900943,521057,36.6,Computing
2023-01-01,Monitor,Mumbai,475,8550000,5390691,3159309,37.0,Computing
2023-01-01,Monitor,Delhi,74,1332000,771820,560180,42.1,Computing
2023-01-01,Monitor,Pune,400,7200000,4491034,2708966,37.6,Computing
2023-01-01,Webcam,Hyderabad,329,1316000,812953,503047,38.2,Computing
2023-01-01,Webcam,Delhi,127,508000,332585,175415,34.5,Computing
2023-01-01,Webcam,Bangalore,387,1548000,1018531,529469,34.2,Computing
2023-01-01,Webcam,Chennai,195,780000,435007,344993,44.2,Computing
2023-01-01,Speaker,Delhi,483,2415000,1482047,932953,38.6,Mobile & Audio
2023-01-01,Speaker,Bangalore,484,2420000,1588479,831521,34.4,Mobile & Audio
2023-01-01,Speaker,Pune,453,2265000,1439483,825517,36.4,Mobile & Audio
2023-01-01,Speaker,Chennai,46,230000,159989,70011,30.4,Mobile & Audio
2023-02-01,Laptop,Mumbai,21,1365000,903600,461400,33.8,Computing
2023-02-01,Laptop,Pune,190,12350000,7134581,5215419,42.2,Computing
2023-02-01,Laptop,Bangalore,414,26910000,15123331,11786669,43.8,Computing
2023-02-01,Laptop,Chennai,86,5590000,3684991,1905009,34.1,Computing
2023-02-01,Smartphone,Chennai,246,6150000,3410218,2739782,44.5,Mobile & Audio
2023-02-01,Smartphone,Bangalore,302,7550000,4904343,2645657,35.0,Mobile & Audio
2023-02-01,Smartphone,Delhi,381,9525000,6761218,2763782,29.0,Mobile & Audio
2023-02-01,Smartphone,Hyderabad,238,5950000,3854592,2095408,35.2,Mobile & Audio
2023-02-01,Headphones,Hyderabad,472,1652000,1017614,634386,38.4,Mobile & Audio
2023-02-01,Headphones,Mumbai,373,1305500,860793,444707,34.1,Mobile & Audio
2023-02-01,Headphones,Chennai,482,1687000,1059272,627728,37.2,Mobile & Audio
2023-02-01,Headphones,Pune,96,336000,215966,120034,35.7,Mobile & Audio
2023-02-01,Tablet,Hyderabad,302,10570000,7505218,3064782,29.0,Mobile & Audio
2023-02-01,Tablet,Mumbai,95,3325000,2046995,1278005,38.4,Mobile & Audio
2023-02-01,Tablet,Bangalore,240,8400000,5992580,2407420,28.7,Mobile & Audio
2023-02-01,Tablet,Pune,85,2975000,2094131,880869,29.6,Mobile & Audio
2023-02-01,Smartwatch,Mumbai,480,7200000,4199648,3000352,41.7,Mobile & Audio
2023-02-01,Smartwatch,Bangalore,203,3045000,1710655,1334345,43.8,Mobile & Audio
2023-02-01,Smartwatch,Hyderabad,127,1905000,1080387,824613,43.3,Mobile & Audio
2023-02-01,Smartwatch,Chennai,369,5535000,3061396,2473604,44.7,Mobile & Audio
2023-02-01,Keyboard,Delhi,472,1180000,667945,512055,43.4,Computing
2023-02-01,Keyboard,Mumbai,467,1167500,777685,389815,33.4,Computing
2023-02-01,Keyboard,Bangalore,228,570000,320398,249602,43.8,Computing
2023-02-01,Keyboard,Pune,337,842500,509060,333440,39.6,Computing
2023-02-01,Mouse,Chennai,429,514800,357080,157720,30.6,Computing
2023-02-01,Mouse,Delhi,435,522000,289165,232835,44.6,Computing
2023-02-01,Mouse,Hyderabad,110,132000,90877,41123,31.2,Computing
2023-02-01,Mouse,Mumbai,471,565200,337942,227258,40.2,Computing
2023-02-01,Monitor,Pune,493,8874000,5058961,3815039,43.0,Computing
2023-02-01,Monitor,Mumbai,190,3420000,2286083,1133917,33.2,Computing
2023-02-01,Monitor,Delhi,420,7560000,4966317,2593683,34.3,Computing
2023-02-01,Monitor,Bangalore,496,8928000,6242192,2685808,30.1,Computing
2023-02-01,Webcam,Pune,423,1692000,1142036,549964,32.5,Computing
2023-02-01,Webcam,Delhi,379,1516000,1040873,475127,31.3,Computing
2023-02-01,Webcam,Bangalore,75,300000,179384,120616,40.2,Computing
2023-02-01,Webcam,Mumbai,215,860000,498942,361058,42.0,Computing
2023-02-01,Speaker,Mumbai,438,2190000,1483954,706046,32.2,Mobile & Audio
2023-02-01,Speaker,Pune,490,2450000,1683547,766453,31.3,Mobile & Audio
2023-02-01,Speaker,Delhi,255,1275000,915942,359058,28.2,Mobile & Audio
2023-02-01,Speaker,Chennai,199,995000,617044,377956,38.0,Mobile & Audio
2023-03-01,Laptop,Bangalore,357,23205000,14230306,8974694,38.7,Computing
2023-03-01,Laptop,Delhi,118,7670000,5230865,2439135,31.8,Computing
2023-03-01,Laptop,Hyderabad,224,14560000,8851557,5708443,39.2,Computing
2023-03-01,Laptop,Mumbai,188,12220000,8654555,3565445,29.2,Computing
2023-03-01,Smartphone,Bangalore,348,8700000,6054592,2645408,30.4,Mobile & Audio
2023-03-01,Smartphone,Mumbai,280,7000000,4360503,2639497,37.7,Mobile & Audio
2023-03-01,Smartphone,Chennai,224,5600000,3794829,1805171,32.2,Mobile & Audio
2023-03-01,Smartphone,Delhi,367,9175000,6223148,2951852,32.2,Mobile & Audio
2023-03-01,Headphones,Hyderabad,469,1641500,931602,709898,43.2,Mobile & Audio
2023-03-01,Headphones,Bangalore,153,535500,376689,158811,29.7,Mobile & Audio
2023-03-01,Headphones,Mumbai,111,388500,247044,141456,36.4,Mobile & Audio
2023-03-01,Headphones,Pune,317,1109500,766107,343393,31.0,Mobile & Audio
2023-03-01,Tablet,Bangalore,242,8470000,5119339,3350661,39.6,Mobile & Audio
2023-03-01,Tablet,Mumbai,196,6860000,4817359,2042641,29.8,Mobile & Audio
2023-03-01,Tablet,Hyderabad,393,13755000,8475340,5279660,38.4,Mobile & Audio
2023-03-01,Tablet,Chennai,422,14770000,8150712,6619288,44.8,Mobile & Audio
2023-03-01,Smartwatch,Bangalore,480,7200000,5068188,2131812,29.6,Mobile & Audio
2023-03-01,Smartwatch,Pune,315,4725000,2672076,2052924,43.4,Mobile & Audio
2023-03-01,Smartwatch,Mumbai,117,1755000,1060517,694483,39.6,Mobile & Audio
2023-03-01,Smartwatch,Delhi,150,2250000,1600899,649101,28.8,Mobile & Audio
2023-03-01,Keyboard,Mumbai,493,1232500,877051,355449,28.8,Computing
2023-03-01,Keyboard,Pune,432,1080000,699283,380717,35.3,Computing
2023-03-01,Keyboard,Chennai,295,737500,484842,252658,34.3,Computing
2023-03-01,Keyboard,Bangalore,371,927500,580834,346666,37.4,Computing
2023-03-01,Mouse,Chennai,55,66000,39590,26410,40.0,Computing
2023-03-01,Mouse,Delhi,360,432000,261737,170263,39.4,Computing
2023-03-01,Mouse,Bangalore,491,589200,391422,197778,33.6,Computing
2023-03-01,Mouse,Hyderabad,189,226800,153749,73051,32.2,Computing
2023-03-01,Monitor,Hyderabad,480,8640000,5914671,2725329,31.5,Computing
2023-03-01,Monitor,Bangalore,173,3114000,2130708,983292,31.6,Computing
2023-03-01,Monitor,Mumbai,279,5022000,2839966,2182034,43.4,Computing
2023-03-01,Monitor,Chennai,178,3204000,2031501,1172499,36.6,Computing
2023-03-01,Webcam,Chennai,376,1504000,841917,662083,44.0,Computing
2023-03-01,Webcam,Pune,171,684000,440099,243901,35.7,Computing
2023-03-01,Webcam,Bangalore,303,1212000,757573,454427,37.5,Computing
2023-03-01,Webcam,Delhi,85,340000,238309,101691,29.9,Computing
2023-03-01,Speaker,Delhi,403,2015000,1228456,786544,39.0,Mobile & Audio
2023-03-01,Speaker,Pune,482,2410000,1373462,1036538,43.0,Mobile & Audio
2023-03-01,Speaker,Hyderabad,109,545000,312998,232002,42.6,Mobile & Audio
2023-03-01,Speaker,Bangalore,335,1675000,1138090,536910,32.1,Mobile & Audio
2023-04-01,Laptop,Hyderabad,446,28990000,18991264,9998736,34.5,Computing
2023-04-01,Laptop,Bangalore,20,1300000,737348,562652,43.3,Computing
2023-04-01,Laptop,Pune,175,11375000,6418892,4956108,43.6,Computing
2023-04-01,Laptop,Chennai,166,10790000,7220288,3569712,33.1,Computing
2023-04-01,Smartphone,Delhi,246,6150000,3458574,2691426,43.8,Mobile & Audio
2023-04-01,Smartphone,Pune,246,6150000,4241755,1908245,31.0,Mobile & Audio
2023-04-01,Smartphone,Bangalore,365,9125000,6114308,3010692,33.0,Mobile & Audio
2023-04-01,Smartphone,Chennai,129,3225000,1818349,1406651,43.6,Mobile & Audio
2023-04-01,Headphones,Hyderabad,63,220500,124455,96045,43.6,Mobile & Audio
2023-04-01,Headphones,Pune,165,577500,414488,163012,28.2,Mobile & Audio
2023-04-01,Headphones,Delhi,283,990500,607797,382703,38.6,Mobile & Audio
2023-04-01,Headphones,Bangalore,359,1256500,770246,486254,38.7,Mobile & Audio
2023-04-01,Tablet,Chennai,439,15365000,10573823,4791177,31.2,Mobile & Audio
2023-04-01,Tablet,Hyderabad,404,14140000,10053996,4086004,28.9,Mobile & Audio
2023-04-01,Tablet,Bangalore,140,4900000,3516339,1383661,28.2,Mobile & Audio
2023-04-01,Tablet,Mumbai,364,12740000,8638666,4101334,32.2,Mobile & Audio
2023-04-01,Smartwatch,Bangalore,32,480000,294703,185297,38.6,Mobile & Audio
2023-04-01,Smartwatch,Delhi,43,645000,363906,281094,43.6,Mobile & Audio
2023-04-01,Smartwatch,Hyderabad,145,2175000,1483600,691400,31.8,Mobile & Audio
2023-04-01,Smartwatch,Mumbai,263,3945000,2544244,1400756,35.5,Mobile & Audio
2023-04-01,Keyboard,Hyderabad,473,1182500,735654,446846,37.8,Computing
2023-04-01,Keyboard,Mumbai,342,855000,601989,253011,29.6,Computing
2023-04-01,Keyboard,Pune,314,785000,446589,338411,43.1,Computing
2023-04-01,Keyboard,Delhi,119,297500,188540,108960,36.6,Computing
2023-04-01,Mouse,Chennai,144,172800,95374,77426,44.8,Computing
2023-04-01,Mouse,Pune,95,114000,71783,42217,37.0,Computing
2023-04-01,Mouse,Hyderabad,355,426000,238377,187623,44.0,Computing
2023-04-01,Mouse,Delhi,372,446400,254537,191863,43.0,Computing
2023-04-01,Monitor,Mumbai,110,1980000,1128559,851441,43.0,Computing
2023-04-01,Monitor,Chennai,431,7758000,5123117,2634883,34.0,Computing
2023-04-01,Monitor,Pune,376,6768000,4580769,2187231,32.3,Computing
2023-04-01,Monitor,Hyderabad,285,5130000,3330256,1799744,35.1,Computing
2023-04-01,Webcam,Pune,253,1012000,722132,289868,28.6,Computing
2023-04-01,Webcam,Mumbai,88,352000,216032,135968,38.6,Computing
2023-04-01,Webcam,Delhi,430,1720000,1029542,690458,40.1,Computing
2023-04-01,Webcam,Hyderabad,257,1028000,717196,310804,30.2,Computing
2023-04-01,Speaker,Chennai,333,1665000,979039,685961,41.2,Mobile & Audio
2023-04-01,Speaker,Hyderabad,437,2185000,1559539,625461,28.6,Mobile & Audio
2023-04-01,Speaker,Bangalore,388,1940000,1071009,868991,44.8,Mobile & Audio
2023-04-01,Speaker,Delhi,476,2380000,1701413,678587,28.5,Mobile & Audio
2023-05-01,Laptop,Hyderabad,400,26000000,14490767,11509233,44.3,Computing
2023-05-01,Laptop,Pune,461,29965000,21020278,8944722,29.9,Computing
2023-05-01,Laptop,Chennai,263,17095000,10935829,6159171,36.0,Computing
2023-05-01,Laptop,Mumbai,250,16250000,11680565,4569435,28.1,Computing
2023-05-01,Smartphone,Bangalore,268,6700000,3769054,2930946,43.7,Mobile & Audio
2023-05-01,Smartphone,Delhi,340,8500000,5475319,3024681,35.6,Mobile & Audio
2023-05-01,Smartphone,Chennai,142,3550000,2537474,1012526,28.5,Mobile & Audio
2023-05-01,Smartphone,Pune,160,4000000,2555707,1444293,36.1,Mobile & Audio
2023-05-01,Headphones,Pune,159,556500,365619,190881,34.3,Mobile & Audio
2023-05-01,Headphones,Mumbai,191,668500,446743,221757,33.2,Mobile & Audio
2023-05-01,Headphones,Bangalore,183,640500,401768,238732,37.3,Mobile & Audio
2023-05-01,Headphones,Hyderabad,477,1669500,1096335,573165,34.3,Mobile & Audio
2023-05-01,Tablet,Hyderabad,138,4830000,3136280,1693720,35.1,Mobile & Audio
2023-05-01,Tablet,Mumbai,216,7560000,5316168,2243832,29.7,Mobile & Audio
2023-05-01,Tablet,Delhi,375,13125000,7320152,5804848,44.2,Mobile & Audio
2023-05-01,Tablet,Chennai,98,3430000,2050330,1379670,40.2,Mobile & Audio
2023-05-01,Smartwatch,Chennai,228,3420000,2433569,986431,28.8,Mobile & Audio
2023-05-01,Smartwatch,Delhi,189,2835000,1988313,846687,29.9,Mobile & Audio
2023-05-01,Smartwatch,Mumbai,297,4455000,2795342,1659658,37.3,Mobile & Audio
2023-05-01,Smartwatch,Hyderabad,258,3870000,2536485,1333515,34.5,Mobile & Audio
2023-05-01,Keyboard,Pune,219,547500,326942,220558,40.3,Computing
2023-05-01,Keyboard,Mumbai,483,1207500,702742,504758,41.8,Computing
2023-05-01,Keyboard,Delhi,414,1035000,650838,384162,37.1,Computing
2023-05-01,Keyboard,Chennai,319,797500,486531,310969,39.0,Computing
2023-05-01,Mouse,Chennai,23,27600,17919,9681,35.1,Computing
2023-05-01,Mouse,Mumbai,200,240000,135172,104828,43.7,Computing
2023-05-01,Mouse,Pune,172,206400,147710,58690,28.4,Computing
2023-05-01,Mouse,Delhi,405,486000,348781,137219,28.2,Computing
2023-05-01,Monitor,Pune,132,2376000,1588801,787199,33.1,Computing
2023-05-01,Monitor,Chennai,159,2862000,1834932,1027068,35.9,Computing
2023-05-01,Monitor,Delhi,243,4374000,2635859,1738141,39.7,Computing
2023-05-01,Monitor,Hyderabad,268,4824000,3320577,1503423,31.2,Computing
2023-05-01,Webcam,Mumbai,367,1468000,978282,489718,33.4,Computing
2023-05-01,Webcam,Pune,428,1712000,988928,723072,42.2,Computing
2023-05-01,Webcam,Bangalore,227,908000,640011,267989,29.5,Computing
2023-05-01,Webcam,Hyderabad,390,1560000,1076137,483863,31.0,Computing
2023-05-01,Speaker,Delhi,293,1465000,1042298,422702,28.9,Mobile & Audio
2023-05-01,Speaker,Pune,33,165000,111106,53894,32.7,Mobile & Audio
2023-05-01,Speaker,Chennai,484,2420000,1583359,836641,34.6,Mobile & Audio
2023-05-01,Speaker,Bangalore,221,1105000,686317,418683,37.9,Mobile & Audio
2023-06-01,Laptop,Hyderabad,349,22685000,16073771,6611229,29.1,Computing
2023-06-01,Laptop,Chennai,239,15535000,10831481,4703519,30.3,Computing
2023-06-01,Laptop,Mumbai,89,5785000,3226220,2558780,44.2,Computing
2023-06-01,Laptop,Pune,463,30095000,16687147,13407853,44.6,Computing
2023-06-01,Smartphone,Pune,214,5350000,3284893,2065107,38.6,Mobile & Audio
2023-06-01,Smartphone,Delhi,187,4675000,3215437,1459563,31.2,Mobile & Audio
2023-06-01,Smartphone,Mumbai,128,3200000,2297078,902922,28.2,Mobile & Audio
2023-06-01,Smartphone,Hyderabad,252,6300000,3626096,2673904,42.4,Mobile & Audio
2023-06-01,Headphones,Bangalore,405,1417500,922796,494704,34.9,Mobile & Audio
2023-06-01,Headphones,Chennai,445,1557500,957475,600025,38.5,Mobile & Audio
2023-06-01,Headphones,Pune,235,822500,587993,234507,28.5,Mobile & Audio
2023-06-01,Headphones,Delhi,149,521500,361483,160017,30.7,Mobile & Audio
2023-06-01,Tablet,Mumbai,296,10360000,7174465,3185535,30.7,Mobile & Audio
2023-06-01,Tablet,Pune,46,1610000,1013781,596219,37.0,Mobile & Audio
2023-06-01,Tablet,Chennai,199,6965000,4321917,2643083,37.9,Mobile & Audio
2023-06-01,Tablet,Bangalore,134,4690000,2797487,1892513,40.4,Mobile & Audio
2023-06-01,Smartwatch,Chennai,146,2190000,1225489,964511,44.0,Mobile & Audio
2023-06-01,Smartwatch,Mumbai,122,1830000,1275515,554485,30.3,Mobile & Audio
2023-06-01,Smartwatch,Hyderabad,449,6735000,4634981,2100019,31.2,Mobile & Audio
2023-06-01,Smartwatch,Pune,30,450000,323978,126022,28.0,Mobile & Audio
2023-06-01,Keyboard,Hyderabad,262,655000,471226,183774,28.1,Computing
2023-06-01,Keyboard,Delhi,362,905000,583203,321797,35.6,Computing
2023-06-01,Keyboard,Chennai,78,195000,132742,62258,31.9,Computing
2023-06-01,Keyboard,Mumbai,308,770000,547170,222830,28.9,Computing
2023-06-01,Mouse,Delhi,105,126000,87499,38501,30.6,Computing
2023-06-01,Mouse,Pune,330,396000,234451,161549,40.8,Computing
2023-06-01,Mouse,Bangalore,330,396000,248131,147869,37.3,Computing
2023-06-01,Mouse,Chennai,402,482400,275912,206488,42.8,Computing
2023-06-01,Monitor,Chennai,75,1350000,961455,388545,28.8,Computing
2023-06-01,Monitor,Mumbai,316,5688000,3714547,1973453,34.7,Computing
2023-06-01,Monitor,Delhi,33,594000,349788,244212,41.1,Computing
2023-06-01,Monitor,Pune,495,8910000,5917925,2992075,33.6,Computing
2023-06-01,Webcam,Bangalore,386,1544000,1011446,532554,34.5,Computing
2023-06-01,Webcam,Hyderabad,121,484000,295670,188330,38.9,Computing
2023-06-01,Webcam,Pune,58,232000,132079,99921,43.1,Computing
2023-06-01,Webcam,Delhi,323,1292000,858104,433896,33.6,Computing
2023-06-01,Speaker,Chennai,415,2075000,1324789,750211,36.2,Mobile & Audio
2023-06-01,Speaker,Delhi,174,870000,592726,277274,31.9,Mobile & Audio
2023-06-01,Speaker,Mumbai,455,2275000,1452423,822577,36.2,Mobile & Audio
2023-06-01,Speaker,Bangalore,370,1850000,1285511,564489,30.5,Mobile & Audio
2023-07-01,Laptop,Hyderabad,292,18980000,12219783,6760217,35.6,Computing
2023-07-01,Laptop,Mumbai,239,15535000,10025659,5509341,35.5,Computing
2023-07-01,Laptop,Chennai,358,23270000,16266454,7003546,30.1,Computing
2023-07-01,Laptop,Delhi,209,13585000,8403574,5181426,38.1,Computing
2023-07-01,Smartphone,Mumbai,454,11350000,6501082,4848918,42.7,Mobile & Audio
2023-07-01,Smartphone,Hyderabad,235,5875000,3259997,2615003,44.5,Mobile & Audio
2023-07-01,Smartphone,Bangalore,441,11025000,7479066,3545934,32.2,Mobile & Audio
2023-07-01,Smartphone,Chennai,270,6750000,4424305,2325695,34.5,Mobile & Audio
2023-07-01,Headphones,Mumbai,476,1666000,1115709,550291,33.0,Mobile & Audio
2023-07-01,Headphones,Pune,444,1554000,910961,643039,41.4,Mobile & Audio
2023-07-01,Headphones,Bangalore,255,892500,511566,380934,42.7,Mobile & Audio
2023-07-01,Headphones,Hyderabad,382,1337000,738656,598344,44.8,Mobile & Audio
2023-07-01,Tablet,Delhi,287,10045000,6123431,3921569,39.0,Mobile & Audio
2023-07-01,Tablet,Pune,353,12355000,8034284,4320716,35.0,Mobile & Audio
2023-07-01,Tablet,Chennai,158,5530000,3410249,2119751,38.3,Mobile & Audio
2023-07-01,Tablet,Bangalore,335,11725000,7320747,4404253,37.6,Mobile & Audio
2023-07-01,Smartwatch,Hyderabad,442,6630000,4665577,1964423,29.6,Mobile & Audio
2023-07-01,Smartwatch,Pune,394,5910000,3600392,2309608,39.1,Mobile & Audio
2023-07-01,Smartwatch,Chennai,323,4845000,3088097,1756903,36.3,Mobile & Audio
2023-07-01,Smartwatch,Delhi,157,2355000,1608985,746015,31.7,Mobile & Audio
2023-07-01,Keyboard,Bangalore,471,1177500,727003,450497,38.3,Computing
2023-07-01,Keyboard,Delhi,250,625000,409847,215153,34.4,Computing
2023-07-01,Keyboard,Mumbai,144,360000,250777,109223,30.3,Computing
2023-07-01,Keyboard,Hyderabad,404,1010000,718533,291467,28.9,Computing
2023-07-01,Mouse,Pune,34,40800,23460,17340,42.5,Computing
2023-07-01,Mouse,Hyderabad,273,327600,231784,95816,29.2,Computing
2023-07-01,Mouse,Chennai,455,546000,345978,200022,36.6,Computing
2023-07-01,Mouse,Delhi,186,223200,132559,90641,40.6,Computing
2023-07-01,Monitor,Delhi,428,7704000,4838521,2865479,37.2,Computing
2023-07-01,Monitor,Pune,152,2736000,1960633,775367,28.3,Computing
2023-07-01,Monitor,Chennai,194,3492000,2213038,1278962,36.6,Computing
2023-07-01,Monitor,Hyderabad,163,2934000,1777675,1156325,39.4,Computing
2023-07-01,Webcam,Hyderabad,117,468000,307793,160207,34.2,Computing
2023-07-01,Webcam,Bangalore,63,252000,148888,103112,40.9,Computing
2023-07-01,Webcam,Mumbai,143,572000,321977,250023,43.7,Computing
2023-07-01,Webcam,Chennai,388,1552000,887604,664396,42.8,Computing
2023-07-01,Speaker,Pune,263,1315000,751875,563125,42.8,Mobile & Audio
2023-07-01,Speaker,Chennai,350,1750000,1007691,742309,42.4,Mobile & Audio
2023-07-01,Speaker,Delhi,384,1920000,1101313,818687,42.6,Mobile & Audio
2023-07-01,Speaker,Bangalore,271,1355000,892875,462125,34.1,Mobile & Audio
2023-08-01,Laptop,Pune,133,8645000,5022050,3622950,41.9,Computing
2023-08-01,Laptop,Mumbai,227,14755000,8982305,5772695,39.1,Computing
2023-08-01,Laptop,Hyderabad,374,24310000,17076657,7233343,29.8,Computing
2023-08-01,Laptop,Delhi,144,9360000,5902168,3457832,36.9,Computing
2023-08-01,Smartphone,Bangalore,303,7575000,5025897,2549103,33.7,Mobile & Audio
2023-08-01,Smartphone,Hyderabad,291,7275000,4214367,3060633,42.1,Mobile & Audio
2023-08-01,Smartphone,Chennai,196,4900000,2855177,2044823,41.7,Mobile & Audio
2023-08-01,Smartphone,Delhi,237,5925000,3299915,2625085,44.3,Mobile & Audio
2023-08-01,Headphones,Chennai,379,1326500,767671,558829,42.1,Mobile & Audio
2023-08-01,Headphones,Hyderabad,252,882000,526872,355128,40.3,Mobile & Audio
2023-08-01,Headphones,Bangalore,158,553000,320791,232209,42.0,Mobile & Audio
2023-08-01,Headphones,Delhi,176,616000,348089,267911,43.5,Mobile & Audio
2023-08-01,Tablet,Bangalore,118,4130000,2356198,1773802,42.9,Mobile & Audio
2023-08-01,Tablet,Delhi,181,6335000,3980486,2354514,37.2,Mobile & Audio
2023-08-01,Tablet,Mumbai,81,2835000,1658693,1176307,41.5,Mobile & Audio
2023-08-01,Tablet,Chennai,400,14000000,8566962,5433038,38.8,Mobile & Audio
2023-08-01,Smartwatch,Hyderabad,398,5970000,3794418,2175582,36.4,Mobile & Audio
2023-08-01,Smartwatch,Delhi,267,4005000,2672805,1332195,33.3,Mobile & Audio
2023-08-01,Smartwatch,Chennai,161,2415000,1344390,1070610,44.3,Mobile & Audio
2023-08-01,Smartwatch,Mumbai,390,5850000,4012514,1837486,31.4,Mobile & Audio
2023-08-01,Keyboard,Hyderabad,446,1115000,732269,382731,34.3,Computing
2023-08-01,Keyboard,Chennai,119,297500,167760,129740,43.6,Computing
2023-08-01,Keyboard,Bangalore,171,427500,298612,128888,30.1,Computing
2023-08-01,Keyboard,Mumbai,136,340000,240226,99774,29.3,Computing
2023-08-01,Mouse,Bangalore,382,458400,256880,201520,44.0,Computing
2023-08-01,Mouse,Delhi,293,351600,209930,141670,40.3,Computing
2023-08-01,Mouse,Chennai,84,100800,69255,31545,31.3,Computing
2023-08-01,Mouse,Mumbai,160,192000,130023,61977,32.3,Computing
2023-08-01,Monitor,Mumbai,84,1512000,879029,632971,41.9,Computing
2023-08-01,Monitor,Chennai,346,6228000,3647051,2580949,41.4,Computing
2023-08-01,Monitor,Bangalore,464,8352000,5119611,3232389,38.7,Computing
2023-08-01,Monitor,Pune,405,7290000,4609969,2680031,36.8,Computing
2023-08-01,Webcam,Pune,165,660000,432368,227632,34.5,Computing
2023-08-01,Webcam,Mumbai,260,1040000,637224,402776,38.7,Computing
2023-08-01,Webcam,Hyderabad,265,1060000,666349,393651,37.1,Computing
2023-08-01,Webcam,Bangalore,245,980000,663529,316471,32.3,Computing
2023-08-01,Speaker,Bangalore,461,2305000,1282124,1022876,44.4,Mobile & Audio
2023-08-01,Speaker,Delhi,264,1320000,782647,537353,40.7,Mobile & Audio
2023-08-01,Speaker,Mumbai,78,390000,261795,128205,32.9,Mobile & Audio
2023-08-01,Speaker,Hyderabad,440,2200000,1544807,655193,29.8,Mobile & Audio
2023-09-01,Laptop,Mumbai,315,20475000,13042271,7432729,36.3,Computing
2023-09-01,Laptop,Pune,342,22230000,14237410,7992590,36.0,Computing
2023-09-01,Laptop,Hyderabad,371,24115000,13702607,10412393,43.2,Computing
2023-09-01,Laptop,Chennai,47,3055000,1912614,1142386,37.4,Computing
2023-09-01,Smartphone,Delhi,147,3675000,2354003,1320997,35.9,Mobile & Audio
2023-09-01,Smartphone,Chennai,80,2000000,1182440,817560,40.9,Mobile & Audio
2023-09-01,Smartphone,Bangalore,305,7625000,4542757,3082243,40.4,Mobile & Audio
2023-09-01,Smartphone,Mumbai,411,10275000,6310271,3964729,38.6,Mobile & Audio
2023-09-01,Headphones,Pune,214,749000,414506,334494,44.7,Mobile & Audio
2023-09-01,Headphones,Hyderabad,250,875000,529159,345841,39.5,Mobile & Audio
2023-09-01,Headphones,Delhi,485,1697500,994644,702856,41.4,Mobile & Audio
2023-09-01,Headphones,Bangalore,246,861000,521486,339514,39.4,Mobile & Audio
2023-09-01,Tablet,Bangalore,311,10885000,6208364,4676636,43.0,Mobile & Audio
2023-09-01,Tablet,Hyderabad,337,11795000,8272891,3522109,29.9,Mobile & Audio
2023-09-01,Tablet,Pune,50,1750000,1139094,610906,34.9,Mobile & Audio
2023-09-01,Tablet,Delhi,332,11620000,7732499,3887501,33.5,Mobile & Audio
2023-09-01,Smartwatch,Chennai,128,1920000,1313585,606415,31.6,Mobile & Audio
2023-09-01,Smartwatch,Mumbai,155,2325000,1475759,849241,36.5,Mobile & Audio
2023-09-01,Smartwatch,Delhi,358,5370000,3032850,2337150,43.5,Mobile & Audio
2023-09-01,Smartwatch,Bangalore,61,915000,586797,328203,35.9,Mobile & Audio
2023-09-01,Keyboard,Delhi,58,145000,94216,50784,35.0,Computing
2023-09-01,Keyboard,Chennai,100,250000,169181,80819,32.3,Computing
2023-09-01,Keyboard,Hyderabad,21,52500,32728,19772,37.7,Computing
2023-09-01,Keyboard,Bangalore,229,572500,327292,245208,42.8,Computing
2023-09-01,Mouse,Pune,36,43200,25844,17356,40.2,Computing
2023-09-01,Mouse,Hyderabad,138,165600,101301,64299,38.8,Computing
2023-09-01,Mouse,Chennai,167,200400,132225,68175,34.0,Computing
2023-09-01,Mouse,Delhi,381,457200,295823,161377,35.3,Computing
2023-09-01,Monitor,Bangalore,139,2502000,1527562,974438,38.9,Computing
2023-09-01,Monitor,Pune,493,8874000,6368937,2505063,28.2,Computing
2023-09-01,Monitor,Mumbai,155,2790000,1821819,968181,34.7,Computing
2023-09-01,Monitor,Chennai,423,7614000,4494762,3119238,41.0,Computing
2023-09-01,Webcam,Chennai,78,312000,176999,135001,43.3,Computing
2023-09-01,Webcam,Hyderabad,298,1192000,686575,505425,42.4,Computing
2023-09-01,Webcam,Delhi,135,540000,319579,220421,40.8,Computing
2023-09-01,Webcam,Pune,351,1404000,810551,593449,42.3,Computing
2023-09-01,Speaker,Delhi,50,250000,145429,104571,41.8,Mobile & Audio
2023-09-01,Speaker,Bangalore,104,520000,311202,208798,40.2,Mobile & Audio
2023-09-01,Speaker,Chennai,425,2125000,1231381,893619,42.1,Mobile & Audio
2023-09-01,Speaker,Mumbai,177,885000,621668,263332,29.8,Mobile & Audio
2023-10-01,Laptop,Hyderabad,83,5395000,3040836,2354164,43.6,Computing
2023-10-01,Laptop,Chennai,259,16835000,10760375,6074625,36.1,Computing
2023-10-01,Laptop,Bangalore,372,24180000,14985977,9194023,38.0,Computing
2023-10-01,Laptop,Delhi,175,11375000,8155925,3219075,28.3,Computing
2023-10-01,Smartphone,Chennai,296,7400000,4210945,3189055,43.1,Mobile & Audio
2023-10-01,Smartphone,Pune,272,6800000,4199921,2600079,38.2,Mobile & Audio
2023-10-01,Smartphone,Bangalore,244,6100000,4360341,1739659,28.5,Mobile & Audio
2023-10-01,Smartphone,Hyderabad,61,1525000,1063133,461867,30.3,Mobile & Audio
2023-10-01,Headphones,Hyderabad,185,647500,446064,201436,31.1,Mobile & Audio
2023-10-01,Headphones,Mumbai,329,1151500,683811,467689,40.6,Mobile & Audio
2023-10-01,Headphones,Pune,148,518000,299948,218052,42.1,Mobile & Audio
2023-10-01,Headphones,Bangalore,33,115500,76654,38846,33.6,Mobile & Audio
2023-10-01,Tablet,Mumbai,440,15400000,10903106,4496894,29.2,Mobile & Audio
2023-10-01,Tablet,Delhi,157,5495000,3542350,1952650,35.5,Mobile & Audio
2023-10-01,Tablet,Chennai,315,11025000,7135095,3889905,35.3,Mobile & Audio
2023-10-01,Tablet,Bangalore,40,1400000,836635,563365,40.2,Mobile & Audio
2023-10-01,Smartwatch,Delhi,112,1680000,1143767,536233,31.9,Mobile & Audio
2023-10-01,Smartwatch,Pune,319,4785000,2783901,2001099,41.8,Mobile & Audio
2023-10-01,Smartwatch,Hyderabad,243,3645000,2205318,1439682,39.5,Mobile & Audio
2023-10-01,Smartwatch,Chennai,345,5175000,3220528,1954472,37.8,Mobile & Audio
2023-10-01,Keyboard,Pune,229,572500,364278,208222,36.4,Computing
2023-10-01,Keyboard,Mumbai,190,475000,280825,194175,40.9,Computing
2023-10-01,Keyboard,Chennai,184,460000,261980,198020,43.0,Computing
2023-10-01,Keyboard,Delhi,363,907500,593328,314172,34.6,Computing
2023-10-01,Mouse,Mumbai,375,450000,269580,180420,40.1,Computing
2023-10-01,Mouse,Delhi,273,327600,212550,115050,35.1,Computing
2023-10-01,Mouse,Bangalore,167,200400,115479,84921,42.4,Computing
2023-10-01,Mouse,Hyderabad,359,430800,272177,158623,36.8,Computing
2023-10-01,Monitor,Pune,65,1170000,749432,420568,35.9,Computing
2023-10-01,Monitor,Hyderabad,181,3258000,1820603,1437397,44.1,Computing
2023-10-01,Monitor,Mumbai,149,2682000,1628571,1053429,39.3,Computing
2023-10-01,Monitor,Delhi,185,3330000,1907592,1422408,42.7,Computing
2023-10-01,Webcam,Mumbai,465,1860000,1043039,816961,43.9,Computing
2023-10-01,Webcam,Pune,297,1188000,853332,334668,28.2,Computing
2023-10-01,Webcam,Chennai,256,1024000,619315,404685,39.5,Computing
2023-10-01,Webcam,Bangalore,231,924000,635415,288585,31.2,Computing
2023-10-01,Speaker,Mumbai,407,2035000,1207343,827657,40.7,Mobile & Audio
2023-10-01,Speaker,Delhi,275,1375000,915551,459449,33.4,Mobile & Audio
2023-10-01,Speaker,Bangalore,340,1700000,1154706,545294,32.1,Mobile & Audio
2023-10-01,Speaker,Pune,246,1230000,801048,428952,34.9,Mobile & Audio
2023-11-01,Laptop,Mumbai,87,5655000,3563600,2091400,37.0,Computing
2023-11-01,Laptop,Delhi,494,32110000,19908616,12201384,38.0,Computing
2023-11-01,Laptop,Bangalore,167,10855000,6614034,4240966,39.1,Computing
2023-11-01,Laptop,Pune,244,15860000,11229196,4630804,29.2,Computing
2023-11-01,Smartphone,Chennai,342,8550000,5909805,2640195,30.9,Mobile & Audio
2023-11-01,Smartphone,Pune,331,8275000,5908802,2366198,28.6,Mobile & Audio
2023-11-01,Smartphone,Mumbai,429,10725000,6125375,4599625,42.9,Mobile & Audio
2023-11-01,Smartphone,Hyderabad,142,3550000,2393579,1156421,32.6,Mobile & Audio
2023-11-01,Headphones,Chennai,27,94500,67049,27451,29.0,Mobile & Audio
2023-11-01,Headphones,Delhi,302,1057000,613916,443084,41.9,Mobile & Audio
2023-11-01,Headphones,Bangalore,228,798000,447921,350079,43.9,Mobile & Audio
2023-11-01,Headphones,Pune,67,234500,158520,75980,32.4,Mobile & Audio
2023-11-01,Tablet,Delhi,351,12285000,7956508,4328492,35.2,Mobile & Audio
2023-11-01,Tablet,Mumbai,446,15610000,10819461,4790539,30.7,Mobile & Audio
2023-11-01,Tablet,Pune,98,3430000,1968001,1461999,42.6,Mobile & Audio
2023-11-01,Tablet,Hyderabad,275,9625000,6595006,3029994,31.5,Mobile & Audio
2023-11-01,Smartwatch,Chennai,447,6705000,3917575,2787425,41.6,Mobile & Audio
2023-11-01,Smartwatch,Bangalore,267,4005000,2314175,1690825,42.2,Mobile & Audio
2023-11-01,Smartwatch,Hyderabad,261,3915000,2262577,1652423,42.2,Mobile & Audio
2023-11-01,Smartwatch,Delhi,144,2160000,1487112,672888,31.2,Mobile & Audio
2023-11-01,Keyboard,Pune,117,292500,193952,98548,33.7,Computing
2023-11-01,Keyboard,Hyderabad,491,1227500,784276,443224,36.1,Computing
2023-11-01,Keyboard,Delhi,326,815000,497966,317034,38.9,Computing
2023-11-01,Keyboard,Chennai,280,700000,489387,210613,30.1,Computing
2023-11-01,Mouse,Chennai,415,498000,307124,190876,38.3,Computing
2023-11-01,Mouse,Delhi,424,508800,350473,158327,31.1,Computing
2023-11-01,Mouse,Mumbai,457,548400,342560,205840,37.5,Computing
2023-11-01,Mouse,Hyderabad,232,278400,170960,107440,38.6,Computing
2023-11-01,Monitor,Bangalore,164,2952000,1855791,1096209,37.1,Computing
2023-11-01,Monitor,Hyderabad,391,7038000,4231487,2806513,39.9,Computing
2023-11-01,Monitor,Chennai,172,3096000,2096282,999718,32.3,Computing
2023-11-01,Monitor,Mumbai,448,8064000,5124369,2939631,36.5,Computing
2023-11-01,Webcam,Hyderabad,248,992000,584760,407240,41.1,Computing
2023-11-01,Webcam,Chennai,295,1180000,829455,350545,29.7,Computing
2023-11-01,Webcam,Pune,267,1068000,657099,410901,38.5,Computing
2023-11-01,Webcam,Mumbai,196,784000,503645,280355,35.8,Computing
2023-11-01,Speaker,Bangalore,497,2485000,1749689,735311,29.6,Mobile & Audio
2023-11-01,Speaker,Hyderabad,184,920000,603631,316369,34.4,Mobile & Audio
2023-11-01,Speaker,Pune,465,2325000,1324954,1000046,43.0,Mobile & Audio
2023-11-01,Speaker,Delhi,116,580000,411667,168333,29.0,Mobile & Audio
2023-12-01,Laptop,Chennai,458,29770000,19550268,10219732,34.3,Computing
2023-12-01,Laptop,Delhi,417,27105000,16450945,10654055,39.3,Computing
2023-12-01,Laptop,Pune,230,14950000,8576460,6373540,42.6,Computing
2023-12-01,Laptop,Mumbai,42,2730000,1870007,859993,31.5,Computing
2023-12-01,Smartphone,Bangalore,359,8975000,5882326,3092674,34.5,Mobile & Audio
2023-12-01,Smartphone,Pune,425,10625000,6807314,3817686,35.9,Mobile & Audio
2023-12-01,Smartphone,Hyderabad,440,11000000,7721579,3278421,29.8,Mobile & Audio
2023-12-01,Smartphone,Delhi,353,8825000,6036843,2788157,31.6,Mobile & Audio
2023-12-01,Headphones,Delhi,277,969500,558223,411277,42.4,Mobile & Audio
2023-12-01,Headphones,Pune,322,1127000,679573,447427,39.7,Mobile & Audio
2023-12-01,Headphones,Mumbai,189,661500,391769,269731,40.8,Mobile & Audio
2023-12-01,Headphones,Hyderabad,465,1627500,1100956,526544,32.4,Mobile & Audio
2023-12-01,Tablet,Mumbai,486,17010000,9452466,7557534,44.4,Mobile & Audio
2023-12-01,Tablet,Pune,253,8855000,5728133,3126867,35.3,Mobile & Audio
2023-12-01,Tablet,Chennai,27,945000,642239,302761,32.0,Mobile & Audio
2023-12-01,Tablet,Bangalore,389,13615000,9517568,4097432,30.1,Mobile & Audio
2023-12-01,Smartwatch,Delhi,260,3900000,2371800,1528200,39.2,Mobile & Audio
2023-12-01,Smartwatch,Pune,420,6300000,4344567,1955433,31.0,Mobile & Audio
2023-12-01,Smartwatch,Chennai,155,2325000,1322477,1002523,43.1,Mobile & Audio
2023-12-01,Smartwatch,Mumbai,193,2895000,2008831,886169,30.6,Mobile & Audio
2023-12-01,Keyboard,Hyderabad,456,1140000,651707,488293,42.8,Computing
2023-12-01,Keyboard,Pune,365,912500,563504,348996,38.2,Computing
2023-12-01,Keyboard,Mumbai,459,1147500,786657,360843,31.4,Computing
2023-12-01,Keyboard,Delhi,293,732500,421543,310957,42.5,Computing
2023-12-01,Mouse,Pune,38,45600,26857,18743,41.1,Computing
2023-12-01,Mouse,Bangalore,336,403200,271266,131934,32.7,Computing
2023-12-01,Mouse,Chennai,55,66000,44379,21621,32.8,Computing
2023-12-01,Mouse,Hyderabad,140,168000,110711,57289,34.1,Computing
2023-12-01,Monitor,Chennai,66,1188000,793550,394450,33.2,Computing
2023-12-01,Monitor,Bangalore,242,4356000,2797698,1558302,35.8,Computing
2023-12-01,Monitor,Delhi,70,1260000,746935,513065,40.7,Computing
2023-12-01,Monitor,Hyderabad,409,7362000,4481752,2880248,39.1,Computing
2023-12-01,Webcam,Chennai,375,1500000,871307,628693,41.9,Computing
2023-12-01,Webcam,Mumbai,173,692000,487470,204530,29.6,Computing
2023-12-01,Webcam,Pune,482,1928000,1251612,676388,35.1,Computing
2023-12-01,Webcam,Hyderabad,34,136000,84068,51932,38.2,Computing
2023-12-01,Speaker,Mumbai,203,1015000,637969,377031,37.1,Mobile & Audio
2023-12-01,Speaker,Bangalore,211,1055000,750145,304855,28.9,Mobile & Audio
2023-12-01,Speaker,Chennai,240,1200000,691284,508716,42.4,Mobile & Audio
2023-12-01,Speaker,Delhi,94,470000,305340,164660,35.0,Mobile & Audio
2024-01-01,Laptop,Delhi,369,23985000,15254486,8730514,36.4,Computing
2024-01-01,Laptop,Hyderabad,425,27625000,18065292,9559708,34.6,Computing
2024-01-01,Laptop,Pune,112,7280000,4026413,3253587,44.7,Computing
2024-01-01,Laptop,Bangalore,107,6955000,4856406,2098594,30.2,Computing
2024-01-01,Smartphone,Delhi,369,9225000,6535544,2689456,29.2,Mobile & Audio
2024-01-01,Smartphone,Mumbai,143,3575000,2309710,1265290,35.4,Mobile & Audio
2024-01-01,Smartphone,Pune,274,6850000,4578750,2271250,33.2,Mobile & Audio
2024-01-01,Smartphone,Bangalore,487,12175000,8605593,3569407,29.3,Mobile & Audio
2024-01-01,Headphones,Hyderabad,346,1211000,811649,399351,33.0,Mobile & Audio
2024-01-01,Headphones,Delhi,150,525000,302364,222636,42.4,Mobile & Audio
2024-01-01,Headphones,Chennai,255,892500,578312,314188,35.2,Mobile & Audio
2024-01-01,Headphones,Pune,150,525000,342899,182101,34.7,Mobile & Audio
2024-01-01,Tablet,Chennai,366,12810000,7969129,4840871,37.8,Mobile & Audio
2024-01-01,Tablet,Mumbai,299,10465000,7065921,3399079,32.5,Mobile & Audio
2024-01-01,Tablet,Pune,100,3500000,2480948,1019052,29.1,Mobile & Audio
2024-01-01,Tablet,Delhi,57,1995000,1411157,583843,29.3,Mobile & Audio
2024-01-01,Smartwatch,Pune,237,3555000,2227715,1327285,37.3,Mobile & Audio
2024-01-01,Smartwatch,Bangalore,373,5595000,3184956,2410044,43.1,Mobile & Audio
2024-01-01,Smartwatch,Hyderabad,148,2220000,1592679,627321,28.3,Mobile & Audio
2024-01-01,Smartwatch,Chennai,253,3795000,2628465,1166535,30.7,Mobile & Audio
2024-01-01,Keyboard,Bangalore,74,185000,105671,79329,42.9,Computing
2024-01-01,Keyboard,Delhi,141,352500,249056,103444,29.3,Computing
2024-01-01,Keyboard,Pune,215,537500,375112,162388,30.2,Computing
2024-01-01,Keyboard,Hyderabad,312,780000,497798,282202,36.2,Computing
2024-01-01,Mouse,Bangalore,171,205200,133486,71714,34.9,Computing
2024-01-01,Mouse,Hyderabad,31,37200,22983,14217,38.2,Computing
2024-01-01,Mouse,Chennai,444,532800,298000,234800,44.1,Computing
2024-01-01,Mouse,Pune,357,428400,260032,168368,39.3,Computing
2024-01-01,Monitor,Pune,462,8316000,5708810,2607190,31.4,Computing
2024-01-01,Monitor,Bangalore,371,6678000,3678159,2999841,44.9,Computing
2024-01-01,Monitor,Mumbai,418,7524000,4564772,2959228,39.3,Computing
2024-01-01,Monitor,Hyderabad,401,7218000,4458477,2759523,38.2,Computing
2024-01-01,Webcam,Mumbai,417,1668000,1069784,598216,35.9,Computing
2024-01-01,Webcam,Hyderabad,429,1716000,1212140,503860,29.4,Computing
2024-01-01,Webcam,Pune,137,548000,333666,214334,39.1,Computing
2024-01-01,Webcam,Delhi,330,1320000,803856,516144,39.1,Computing
2024-01-01,Speaker,Bangalore,148,740000,499778,240222,32.5,Mobile & Audio
2024-01-01,Speaker,Delhi,367,1835000,1150319,684681,37.3,Mobile & Audio
2024-01-01,Speaker,Hyderabad,406,2030000,1194011,835989,41.2,Mobile & Audio
2024-01-01,Speaker,Chennai,389,1945000,1219349,725651,37.3,Mobile & Audio
2024-02-01,Laptop,Chennai,350,22750000,13057265,9692735,42.6,Computing
2024-02-01,Laptop,Delhi,40,2600000,1507963,1092037,42.0,Computing
2024-02-01,Laptop,Mumbai,178,11570000,7343740,4226260,36.5,Computing
2024-02-01,Laptop,Bangalore,423,27495000,17080370,10414630,37.9,Computing
2024-02-01,Smartphone,Pune,87,2175000,1534514,640486,29.4,Mobile & Audio
2024-02-01,Smartphone,Mumbai,66,1650000,1009151,640849,38.8,Mobile & Audio
2024-02-01,Smartphone,Bangalore,485,12125000,7865488,4259512,35.1,Mobile & Audio
2024-02-01,Smartphone,Chennai,171,4275000,2810748,1464252,34.3,Mobile & Audio
2024-02-01,Headphones,Bangalore,87,304500,168153,136347,44.8,Mobile & Audio
2024-02-01,Headphones,Pune,422,1477000,978958,498042,33.7,Mobile & Audio
2024-02-01,Headphones,Delhi,296,1036000,601156,434844,42.0,Mobile & Audio
2024-02-01,Headphones,Mumbai,468,1638000,1168520,469480,28.7,Mobile & Audio
2024-02-01,Tablet,Bangalore,151,5285000,3040316,2244684,42.5,Mobile & Audio
2024-02-01,Tablet,Hyderabad,487,17045000,10576186,6468814,38.0,Mobile & Audio
2024-02-01,Tablet,Chennai,442,15470000,8732961,6737039,43.5,Mobile & Audio
2024-02-01,Tablet,Mumbai,266,9310000,6698253,2611747,28.1,Mobile & Audio
2024-02-01,Smartwatch,Bangalore,58,870000,552775,317225,36.5,Mobile & Audio
2024-02-01,Smartwatch,Chennai,92,1380000,898677,481323,34.9,Mobile & Audio
2024-02-01,Smartwatch,Mumbai,406,6090000,3418944,2671056,43.9,Mobile & Audio
2024-02-01,Smartwatch,Delhi,135,2025000,1371924,653076,32.3,Mobile & Audio
2024-02-01,Keyboard,Chennai,424,1060000,620825,439175,41.4,Computing
2024-02-01,Keyboard,Pune,222,555000,389981,165019,29.7,Computing
2024-02-01,Keyboard,Bangalore,27,67500,39479,28021,41.5,Computing
2024-02-01,Keyboard,Mumbai,155,387500,225687,161813,41.8,Computing
2024-02-01,Mouse,Hyderabad,364,436800,242954,193846,44.4,Computing
2024-02-01,Mouse,Mumbai,403,483600,304790,178810,37.0,Computing
2024-02-01,Mouse,Pune,364,436800,282183,154617,35.4,Computing
2024-02-01,Mouse,Delhi,154,184800,103704,81096,43.9,Computing
2024-02-01,Monitor,Hyderabad,365,6570000,4479687,2090313,31.8,Computing
2024-02-01,Monitor,Pune,139,2502000,1568902,933098,37.3,Computing
2024-02-01,Monitor,Bangalore,261,4698000,3002710,1695290,36.1,Computing
2024-02-01,Monitor,Mumbai,32,576000,359959,216041,37.5,Computing
2024-02-01,Webcam,Hyderabad,133,532000,328845,203155,38.2,Computing
2024-02-01,Webcam,Chennai,351,1404000,905775,498225,35.5,Computing
2024-02-01,Webcam,Bangalore,52,208000,119889,88111,42.4,Computing
2024-02-01,Webcam,Pune,345,1380000,801680,578320,41.9,Computing
2024-02-01,Speaker,Pune,91,455000,316909,138091,30.3,Mobile & Audio
2024-02-01,Speaker,Bangalore,43,215000,152831,62169,28.9,Mobile & Audio
2024-02-01,Speaker,Chennai,39,195000,119625,75375,38.7,Mobile & Audio
2024-02-01,Speaker,Mumbai,175,875000,521523,353477,40.4,Mobile & Audio
2024-03-01,Laptop,Pune,474,30810000,20318576,10491424,34.1,Computing
2024-03-01,Laptop,Mumbai,295,19175000,11878621,7296379,38.1,Computing
2024-03-01,Laptop,Hyderabad,89,5785000,3206716,2578284,44.6,Computing
2024-03-01,Laptop,Chennai,218,14170000,8169656,6000344,42.3,Computing
2024-03-01,Smartphone,Pune,400,10000000,6717153,3282847,32.8,Mobile & Audio
2024-03-01,Smartphone,Bangalore,392,9800000,6487767,3312233,33.8,Mobile & Audio
2024-03-01,Smartphone,Chennai,99,2475000,1372651,1102349,44.5,Mobile & Audio
2024-03-01,Smartphone,Hyderabad,473,11825000,6949970,4875030,41.2,Mobile & Audio
2024-03-01,Headphones,Pune,228,798000,470248,327752,41.1,Mobile & Audio
2024-03-01,Headphones,Mumbai,500,1750000,1162388,587612,33.6,Mobile & Audio
2024-03-01,Headphones,Chennai,163,570500,315687,254813,44.7,Mobile & Audio
2024-03-01,Headphones,Bangalore,36,126000,71530,54470,43.2,Mobile & Audio
2024-03-01,Tablet,Chennai,247,8645000,5930347,2714653,31.4,Mobile & Audio
2024-03-01,Tablet,Bangalore,140,4900000,2843728,2056272,42.0,Mobile & Audio
2024-03-01,Tablet,Delhi,457,15995000,10572165,5422835,33.9,Mobile & Audio
2024-03-01,Tablet,Pune,205,7175000,4236773,2938227,41.0,Mobile & Audio
2024-03-01,Smartwatch,Mumbai,223,3345000,1896297,1448703,43.3,Mobile & Audio
2024-03-01,Smartwatch,Bangalore,161,2415000,1428084,986916,40.9,Mobile & Audio
2024-03-01,Smartwatch,Hyderabad,117,1755000,1180738,574262,32.7,Mobile & Audio
2024-03-01,Smartwatch,Chennai,82,1230000,855426,374574,30.5,Mobile & Audio
2024-03-01,Keyboard,Pune,347,867500,599562,267938,30.9,Computing
2024-03-01,Keyboard,Mumbai,325,812500,501736,310764,38.2,Computing
2024-03-01,Keyboard,Delhi,30,75000,49768,25232,33.6,Computing
2024-03-01,Keyboard,Bangalore,45,112500,65795,46705,41.5,Computing
2024-03-01,Mouse,Bangalore,125,150000,89975,60025,40.0,Computing
2024-03-01,Mouse,Delhi,55,66000,46357,19643,29.8,Computing
2024-03-01,Mouse,Hyderabad,444,532800,294218,238582,44.8,Computing
2024-03-01,Mouse,Chennai,411,493200,278429,214771,43.5,Computing
2024-03-01,Monitor,Hyderabad,188,3384000,1980793,1403207,41.5,Computing
2024-03-01,Monitor,Delhi,416,7488000,4152174,3335826,44.5,Computing
2024-03-01,Monitor,Chennai,95,1710000,993243,716757,41.9,Computing
2024-03-01,Monitor,Mumbai,423,7614000,4942377,2671623,35.1,Computing
2024-03-01,Webcam,Hyderabad,86,344000,213845,130155,37.8,Computing
2024-03-01,Webcam,Mumbai,296,1184000,830877,353123,29.8,Computing
2024-03-01,Webcam,Bangalore,148,592000,407868,184132,31.1,Computing
2024-03-01,Webcam,Chennai,428,1712000,1041083,670917,39.2,Computing
2024-03-01,Speaker,Delhi,27,135000,80204,54796,40.6,Mobile & Audio
2024-03-01,Speaker,Mumbai,203,1015000,623766,391234,38.5,Mobile & Audio
2024-03-01,Speaker,Hyderabad,424,2120000,1378742,741258,35.0,Mobile & Audio
2024-03-01,Speaker,Pune,423,2115000,1259632,855368,40.4,Mobile & Audio
2024-04-01,Laptop,Delhi,109,7085000,4648506,2436494,34.4,Computing
2024-04-01,Laptop,Hyderabad,155,10075000,6242470,3832530,38.0,Computing
2024-04-01,Laptop,Bangalore,46,2990000,1925106,1064894,35.6,Computing
2024-04-01,Laptop,Mumbai,84,5460000,3407813,2052187,37.6,Computing
2024-04-01,Smartphone,Chennai,52,1300000,780077,519923,40.0,Mobile & Audio
2024-04-01,Smartphone,Pune,263,6575000,4676384,1898616,28.9,Mobile & Audio
2024-04-01,Smartphone,Mumbai,249,6225000,4231836,1993164,32.0,Mobile & Audio
2024-04-01,Smartphone,Bangalore,418,10450000,5996411,4453589,42.6,Mobile & Audio
2024-04-01,Headphones,Bangalore,277,969500,676362,293138,30.2,Mobile & Audio
2024-04-01,Headphones,Hyderabad,133,465500,294598,170902,36.7,Mobile & Audio
2024-04-01,Headphones,Mumbai,334,1169000,820724,348276,29.8,Mobile & Audio
2024-04-01,Headphones,Delhi,42,147000,100838,46162,31.4,Mobile & Audio
2024-04-01,Tablet,Chennai,349,12215000,7601227,4613773,37.8,Mobile & Audio
2024-04-01,Tablet,Hyderabad,35,1225000,678429,546571,44.6,Mobile & Audio
2024-04-01,Tablet,Bangalore,51,1785000,1063280,721720,40.4,Mobile & Audio
2024-04-01,Tablet,Delhi,265,9275000,5955272,3319728,35.8,Mobile & Audio
2024-04-01,Smartwatch,Pune,384,5760000,3788302,1971698,34.2,Mobile & Audio
2024-04-01,Smartwatch,Chennai,485,7275000,4320193,2954807,40.6,Mobile & Audio
2024-04-01,Smartwatch,Mumbai,247,3705000,2125523,1579477,42.6,Mobile & Audio
2024-04-01,Smartwatch,Delhi,57,855000,591607,263393,30.8,Mobile & Audio
2024-04-01,Keyboard,Mumbai,84,210000,150643,59357,28.3,Computing
2024-04-01,Keyboard,Bangalore,160,400000,255747,144253,36.1,Computing
2024-04-01,Keyboard,Delhi,339,847500,490860,356640,42.1,Computing
2024-04-01,Keyboard,Chennai,344,860000,512811,347189,40.4,Computing
2024-04-01,Mouse,Hyderabad,325,390000,215719,174281,44.7,Computing
2024-04-01,Mouse,Chennai,291,349200,246336,102864,29.5,Computing
2024-04-01,Mouse,Bangalore,170,204000,116284,87716,43.0,Computing
2024-04-01,Mouse,Delhi,252,302400,195958,106442,35.2,Computing
2024-04-01,Monitor,Hyderabad,426,7668000,4574647,3093353,40.3,Computing
2024-04-01,Monitor,Chennai,379,6822000,4394802,2427198,35.6,Computing
2024-04-01,Monitor,Pune,78,1404000,927681,476319,33.9,Computing
2024-04-01,Monitor,Mumbai,456,8208000,5672189,2535811,30.9,Computing
2024-04-01,Webcam,Chennai,251,1004000,587432,416568,41.5,Computing
2024-04-01,Webcam,Hyderabad,474,1896000,1046344,849656,44.8,Computing
2024-04-01,Webcam,Delhi,136,544000,311859,232141,42.7,Computing
2024-04-01,Webcam,Pune,231,924000,649575,274425,29.7,Computing
2024-04-01,Speaker,Bangalore,393,1965000,1372673,592327,30.1,Mobile & Audio
2024-04-01,Speaker,Pune,68,340000,221530,118470,34.8,Mobile & Audio
2024-04-01,Speaker,Hyderabad,180,900000,586879,313121,34.8,Mobile & Audio
2024-04-01,Speaker,Delhi,238,1190000,789037,400963,33.7,Mobile & Audio
2024-05-01,Laptop,Bangalore,371,24115000,13982193,10132807,42.0,Computing
2024-05-01,Laptop,Chennai,492,31980000,22560292,9419708,29.5,Computing
2024-05-01,Laptop,Hyderabad,262,17030000,10578883,6451117,37.9,Computing
2024-05-01,Laptop,Mumbai,54,3510000,2159119,1350881,38.5,Computing
2024-05-01,Smartphone,Mumbai,69,1725000,1100923,624077,36.2,Mobile & Audio
2024-05-01,Smartphone,Chennai,401,10025000,5593792,4431208,44.2,Mobile & Audio
2024-05-01,Smartphone,Hyderabad,398,9950000,5753768,4196232,42.2,Mobile & Audio
2024-05-01,Smartphone,Delhi,210,5250000,3546195,1703805,32.5,Mobile & Audio
2024-05-01,Headphones,Delhi,307,1074500,606099,468401,43.6,Mobile & Audio
2024-05-01,Headphones,Hyderabad,307,1074500,701150,373350,34.7,Mobile & Audio
2024-05-01,Headphones,Mumbai,188,658000,389345,268655,40.8,Mobile & Audio
2024-05-01,Headphones,Bangalore,363,1270500,782857,487643,38.4,Mobile & Audio
2024-05-01,Tablet,Mumbai,404,14140000,8470962,5669038,40.1,Mobile & Audio
2024-05-01,Tablet,Pune,236,8260000,5042436,3217564,39.0,Mobile & Audio
2024-05-01,Tablet,Bangalore,464,16240000,10917142,5322858,32.8,Mobile & Audio
2024-05-01,Tablet,Hyderabad,488,17080000,10256723,6823277,39.9,Mobile & Audio
2024-05-01,Smartwatch,Chennai,179,2685000,1735285,949715,35.4,Mobile & Audio
2024-05-01,Smartwatch,Mumbai,200,3000000,1892786,1107214,36.9,Mobile & Audio
2024-05-01,Smartwatch,Bangalore,73,1095000,725792,369208,33.7,Mobile & Audio
2024-05-01,Smartwatch,Pune,315,4725000,3351258,1373742,29.1,Mobile & Audio
2024-05-01,Keyboard,Hyderabad,266,665000,448567,216433,32.5,Computing
2024-05-01,Keyboard,Delhi,134,335000,196491,138509,41.3,Computing
2024-05-01,Keyboard,Chennai,453,1132500,628879,503621,44.5,Computing
2024-05-01,Keyboard,Bangalore,75,187500,111485,76015,40.5,Computing
2024-05-01,Mouse,Bangalore,410,492000,320372,171628,34.9,Computing
2024-05-01,Mouse,Hyderabad,162,194400,108620,85780,44.1,Computing
2024-05-01,Mouse,Chennai,313,375600,238274,137326,36.6,Computing
2024-05-01,Mouse,Mumbai,135,162000,105537,56463,34.9,Computing
2024-05-01,Monitor,Pune,495,8910000,5406779,3503221,39.3,Computing
2024-05-01,Monitor,Hyderabad,356,6408000,4364201,2043799,31.9,Computing
2024-05-01,Monitor,Mumbai,444,7992000,4540429,3451571,43.2,Computing
2024-05-01,Monitor,Bangalore,375,6750000,3798721,2951279,43.7,Computing
2024-05-01,Webcam,Bangalore,379,1516000,1021469,494531,32.6,Computing
2024-05-01,Webcam,Mumbai,410,1640000,1040143,599857,36.6,Computing
2024-05-01,Webcam,Delhi,178,712000,474924,237076,33.3,Computing
2024-05-01,Webcam,Pune,491,1964000,1225380,738620,37.6,Computing
2024-05-01,Speaker,Bangalore,465,2325000,1376140,948860,40.8,Mobile & Audio
2024-05-01,Speaker,Chennai,93,465000,320500,144500,31.1,Mobile & Audio
2024-05-01,Speaker,Mumbai,309,1545000,1059717,485283,31.4,Mobile & Audio
2024-05-01,Speaker,Pune,356,1780000,1189215,590785,33.2,Mobile & Audio
2024-06-01,Laptop,Pune,344,22360000,13332478,9027522,40.4,Computing
2024-06-01,Laptop,Mumbai,35,2275000,1479522,795478,35.0,Computing
2024-06-01,Laptop,Delhi,66,4290000,2622758,1667242,38.9,Computing
2024-06-01,Laptop,Bangalore,402,26130000,14778317,11351683,43.4,Computing
2024-06-01,Smartphone,Hyderabad,252,6300000,4447443,1852557,29.4,Mobile & Audio
2024-06-01,Smartphone,Delhi,194,4850000,2780307,2069693,42.7,Mobile & Audio
2024-06-01,Smartphone,Pune,100,2500000,1778851,721149,28.8,Mobile & Audio
2024-06-01,Smartphone,Chennai,209,5225000,3269915,1955085,37.4,Mobile & Audio
2024-06-01,Headphones,Bangalore,99,346500,201480,145020,41.9,Mobile & Audio
2024-06-01,Headphones,Chennai,100,350000,224743,125257,35.8,Mobile & Audio
2024-06-01,Headphones,Mumbai,406,1421000,992428,428572,30.2,Mobile & Audio
2024-06-01,Headphones,Pune,336,1176000,793186,382814,32.6,Mobile & Audio
2024-06-01,Tablet,Mumbai,358,12530000,8609556,3920444,31.3,Mobile & Audio
2024-06-01,Tablet,Chennai,237,8295000,5491233,2803767,33.8,Mobile & Audio
2024-06-01,Tablet,Bangalore,268,9380000,6262904,3117096,33.2,Mobile & Audio
2024-06-01,Tablet,Delhi,330,11550000,8019896,3530104,30.6,Mobile & Audio
2024-06-01,Smartwatch,Pune,406,6090000,3607981,2482019,40.8,Mobile & Audio
2024-06-01,Smartwatch,Chennai,282,4230000,2678445,1551555,36.7,Mobile & Audio
2024-06-01,Smartwatch,Bangalore,78,1170000,687499,482501,41.2,Mobile & Audio
2024-06-01,Smartwatch,Mumbai,196,2940000,2110636,829364,28.2,Mobile & Audio
2024-06-01,Keyboard,Pune,367,917500,651875,265625,29.0,Computing
2024-06-01,Keyboard,Mumbai,323,807500,449537,357963,44.3,Computing
2024-06-01,Keyboard,Bangalore,269,672500,450540,221960,33.0,Computing
2024-06-01,Keyboard,Chennai,289,722500,511019,211481,29.3,Computing
2024-06-01,Mouse,Chennai,222,266400,154698,111702,41.9,Computing
2024-06-01,Mouse,Bangalore,326,391200,252931,138269,35.3,Computing
2024-06-01,Mouse,Mumbai,48,57600,40644,16956,29.4,Computing
2024-06-01,Mouse,Pune,23,27600,15339,12261,44.4,Computing
2024-06-01,Monitor,Delhi,411,7398000,4946018,2451982,33.1,Computing
2024-06-01,Monitor,Bangalore,150,2700000,1621483,1078517,39.9,Computing
2024-06-01,Monitor,Chennai,168,3024000,2138414,885586,29.3,Computing
2024-06-01,Monitor,Mumbai,187,3366000,2406959,959041,28.5,Computing
2024-06-01,Webcam,Mumbai,240,960000,682104,277896,28.9,Computing
2024-06-01,Webcam,Chennai,109,436000,274949,161051,36.9,Computing
2024-06-01,Webcam,Pune,86,344000,239612,104388,30.3,Computing
2024-06-01,Webcam,Bangalore,214,856000,593699,262301,30.6,Computing
2024-06-01,Speaker,Hyderabad,223,1115000,673735,441265,39.6,Mobile & Audio
2024-06-01,Speaker,Delhi,461,2305000,1592561,712439,30.9,Mobile & Audio
2024-06-01,Speaker,Bangalore,399,1995000,1109801,885199,44.4,Mobile & Audio
2024-06-01,Speaker,Mumbai,41,205000,133530,71470,34.9,Mobile & Audio
